ISO-10303-21;
HEADER;
/* Generated by software containing ST-Developer
 * from STEP Tools, Inc. (www.steptools.com) 
 */

FILE_DESCRIPTION(
/* description */ (''),
/* implementation_level */ '2;1');

FILE_NAME(
/* name */ 'Middle.step',
/* time_stamp */ '2026-10-03T23:47:36+02:00',
/* author */ (''),
/* organization */ (''),
/* preprocessor_version */ 'ST-DEVELOPER v20.2',
/* originating_system */ 'Autodesk Translation Framework v15.15.0.0',
/* authorisation */ '');

FILE_SCHEMA (('AUTOMOTIVE_DESIGN { 1 0 10303 214 3 1 1 }'));
ENDSEC;

DATA;
#10=MECHANICAL_DESIGN_GEOMETRIC_PRESENTATION_REPRESENTATION('',(#13),#3118);
#11=SHAPE_REPRESENTATION_RELATIONSHIP('SRR','None',#3125,#12);
#12=ADVANCED_BREP_SHAPE_REPRESENTATION('',(#14),#3117);
#13=STYLED_ITEM('',(#3134),#14);
#14=MANIFOLD_SOLID_BREP('Middle',#1842);
#15=(
BOUNDED_CURVE()
B_SPLINE_CURVE(2,(#2704,#2705,#2706),.UNSPECIFIED.,.F.,.F.)
B_SPLINE_CURVE_WITH_KNOTS((3,3),(0.,0.0106374732408871),.UNSPECIFIED.)
CURVE()
GEOMETRIC_REPRESENTATION_ITEM()
RATIONAL_B_SPLINE_CURVE((1.,1.00491519634297,1.))
REPRESENTATION_ITEM('')
);
#16=(
BOUNDED_CURVE()
B_SPLINE_CURVE(2,(#2708,#2709,#2710),.UNSPECIFIED.,.F.,.F.)
B_SPLINE_CURVE_WITH_KNOTS((3,3),(0.,0.0106374732408871),.UNSPECIFIED.)
CURVE()
GEOMETRIC_REPRESENTATION_ITEM()
RATIONAL_B_SPLINE_CURVE((1.,1.00491519634292,1.))
REPRESENTATION_ITEM('')
);
#17=(
BOUNDED_CURVE()
B_SPLINE_CURVE(2,(#2717,#2718,#2719),.UNSPECIFIED.,.F.,.F.)
B_SPLINE_CURVE_WITH_KNOTS((3,3),(0.,0.0106373664054012),.UNSPECIFIED.)
CURVE()
GEOMETRIC_REPRESENTATION_ITEM()
RATIONAL_B_SPLINE_CURVE((1.,1.00491506893703,1.))
REPRESENTATION_ITEM('')
);
#18=(
BOUNDED_CURVE()
B_SPLINE_CURVE(2,(#2723,#2724,#2725),.UNSPECIFIED.,.F.,.F.)
B_SPLINE_CURVE_WITH_KNOTS((3,3),(0.,0.0106373664054011),.UNSPECIFIED.)
CURVE()
GEOMETRIC_REPRESENTATION_ITEM()
RATIONAL_B_SPLINE_CURVE((1.,1.0049150689283,1.))
REPRESENTATION_ITEM('')
);
#19=CIRCLE('',#1866,0.499999999999991);
#20=CIRCLE('',#1867,0.45);
#21=CIRCLE('',#1869,0.45);
#22=CIRCLE('',#1872,0.499999999999991);
#23=CIRCLE('',#1873,0.45);
#24=CIRCLE('',#1875,0.45);
#25=CIRCLE('',#1878,0.499999999999991);
#26=CIRCLE('',#1879,0.45);
#27=CIRCLE('',#1881,0.45);
#28=CIRCLE('',#1884,0.499999999999991);
#29=CIRCLE('',#1885,0.45);
#30=CIRCLE('',#1887,0.45);
#31=CIRCLE('',#1890,0.45);
#32=CIRCLE('',#1891,0.45);
#33=CIRCLE('',#1893,0.499999999999991);
#34=CIRCLE('',#1896,0.45);
#35=CIRCLE('',#1897,0.499999999999991);
#36=CIRCLE('',#1899,0.45);
#37=CIRCLE('',#1902,0.249999999999999);
#38=CIRCLE('',#1903,0.249999999999999);
#39=CIRCLE('',#1905,0.25);
#40=CIRCLE('',#1906,0.25);
#41=CIRCLE('',#1908,0.249999999999999);
#42=CIRCLE('',#1909,0.249999999999999);
#43=CIRCLE('',#1911,0.25);
#44=CIRCLE('',#1912,0.25);
#45=CIRCLE('',#1918,0.25);
#46=CIRCLE('',#1919,0.25);
#47=CIRCLE('',#1920,0.25);
#48=CIRCLE('',#1921,0.25);
#49=CIRCLE('',#1922,0.25);
#50=CIRCLE('',#1923,0.25);
#51=CIRCLE('',#1924,0.25);
#52=CIRCLE('',#1925,0.25);
#53=CIRCLE('',#1926,0.25);
#54=CIRCLE('',#1927,0.25);
#55=CIRCLE('',#1928,0.25);
#56=CIRCLE('',#1929,0.25);
#57=CIRCLE('',#1930,0.25);
#58=CIRCLE('',#1931,0.25);
#59=CIRCLE('',#1932,0.25);
#60=CIRCLE('',#1933,0.25);
#61=CIRCLE('',#1934,0.25);
#62=CIRCLE('',#1935,0.25);
#63=CIRCLE('',#1936,0.25);
#64=CIRCLE('',#1937,0.25);
#65=CIRCLE('',#1938,0.25);
#66=CIRCLE('',#1939,0.25);
#67=CIRCLE('',#1940,0.25);
#68=CIRCLE('',#1941,0.25);
#69=CIRCLE('',#1942,0.25);
#70=CIRCLE('',#1943,0.25);
#71=CIRCLE('',#1944,0.25);
#72=CIRCLE('',#1945,0.25);
#73=CIRCLE('',#1946,0.25);
#74=CIRCLE('',#1947,0.25);
#75=CIRCLE('',#1948,0.25);
#76=CIRCLE('',#1949,0.25);
#77=CIRCLE('',#1950,0.25);
#78=CIRCLE('',#1951,0.25);
#79=CIRCLE('',#1952,0.25);
#80=CIRCLE('',#1953,0.25);
#81=CIRCLE('',#1954,0.25);
#82=CIRCLE('',#1955,0.25);
#83=CIRCLE('',#1956,0.249999999999999);
#84=CIRCLE('',#1957,0.249999999999999);
#85=CIRCLE('',#1958,0.249999999999999);
#86=CIRCLE('',#1959,0.249999999999999);
#87=CIRCLE('',#1960,0.249999999999999);
#88=CIRCLE('',#1961,0.249999999999999);
#89=CIRCLE('',#1962,0.249999999999999);
#90=CIRCLE('',#1964,1.25);
#91=CIRCLE('',#1965,1.25);
#92=CIRCLE('',#1967,1.25);
#93=CIRCLE('',#1968,1.25);
#94=CIRCLE('',#1976,0.249999999999999);
#95=CIRCLE('',#1977,0.249999999999999);
#96=CIRCLE('',#1978,0.249999999999999);
#97=CIRCLE('',#1979,0.249999999999999);
#98=CIRCLE('',#1980,0.249999999999999);
#99=CIRCLE('',#1981,0.249999999999999);
#100=CIRCLE('',#1982,0.249999999999999);
#101=CIRCLE('',#1983,0.25);
#102=CIRCLE('',#1984,0.25);
#103=CIRCLE('',#1985,0.25);
#104=CIRCLE('',#1986,0.25);
#105=CIRCLE('',#1987,0.25);
#106=CIRCLE('',#1988,0.25);
#107=CIRCLE('',#1989,0.25);
#108=CIRCLE('',#1990,0.25);
#109=CIRCLE('',#1991,0.25);
#110=CIRCLE('',#1992,0.25);
#111=CIRCLE('',#1993,0.25);
#112=CIRCLE('',#1994,0.25);
#113=CIRCLE('',#1995,0.25);
#114=CIRCLE('',#1996,0.25);
#115=CIRCLE('',#1997,0.25);
#116=CIRCLE('',#1998,0.25);
#117=CIRCLE('',#1999,0.25);
#118=CIRCLE('',#2000,0.25);
#119=CIRCLE('',#2001,0.25);
#120=CIRCLE('',#2002,0.25);
#121=CIRCLE('',#2003,0.25);
#122=CIRCLE('',#2004,0.25);
#123=CIRCLE('',#2005,0.25);
#124=CIRCLE('',#2006,0.25);
#125=CIRCLE('',#2007,0.25);
#126=CIRCLE('',#2008,0.25);
#127=CIRCLE('',#2009,0.25);
#128=CIRCLE('',#2010,0.25);
#129=CIRCLE('',#2011,0.25);
#130=CIRCLE('',#2012,0.25);
#131=CIRCLE('',#2013,0.25);
#132=CIRCLE('',#2014,0.25);
#133=CIRCLE('',#2015,0.25);
#134=CIRCLE('',#2016,0.25);
#135=CIRCLE('',#2017,0.25);
#136=CIRCLE('',#2018,0.25);
#137=CIRCLE('',#2019,0.25);
#138=CIRCLE('',#2020,0.25);
#139=CONICAL_SURFACE('',#1865,0.475,0.785398163397448);
#140=CONICAL_SURFACE('',#1871,0.475,0.785398163397448);
#141=CONICAL_SURFACE('',#1877,0.475,0.785398163397448);
#142=CONICAL_SURFACE('',#1883,0.475,0.785398163397448);
#143=CONICAL_SURFACE('',#1892,0.475,0.785398163397448);
#144=CONICAL_SURFACE('',#1895,0.475,0.785398163397448);
#145=FACE_BOUND('',#374,.T.);
#146=FACE_BOUND('',#402,.T.);
#147=FACE_BOUND('',#403,.T.);
#148=FACE_BOUND('',#404,.T.);
#149=FACE_BOUND('',#405,.T.);
#150=FACE_BOUND('',#406,.T.);
#151=FACE_BOUND('',#407,.T.);
#152=FACE_BOUND('',#408,.T.);
#153=FACE_BOUND('',#409,.T.);
#154=FACE_BOUND('',#410,.T.);
#155=FACE_BOUND('',#411,.T.);
#156=FACE_BOUND('',#412,.T.);
#157=FACE_BOUND('',#413,.T.);
#158=FACE_BOUND('',#414,.T.);
#159=FACE_BOUND('',#415,.T.);
#160=FACE_BOUND('',#416,.T.);
#161=FACE_BOUND('',#417,.T.);
#162=FACE_BOUND('',#418,.T.);
#163=FACE_BOUND('',#419,.T.);
#164=FACE_BOUND('',#420,.T.);
#165=FACE_BOUND('',#421,.T.);
#166=FACE_BOUND('',#422,.T.);
#167=FACE_BOUND('',#423,.T.);
#168=FACE_BOUND('',#424,.T.);
#169=FACE_BOUND('',#425,.T.);
#170=FACE_BOUND('',#426,.T.);
#171=FACE_BOUND('',#427,.T.);
#172=FACE_BOUND('',#428,.T.);
#173=FACE_BOUND('',#429,.T.);
#174=FACE_BOUND('',#430,.T.);
#175=FACE_BOUND('',#431,.T.);
#176=FACE_BOUND('',#432,.T.);
#177=FACE_BOUND('',#433,.T.);
#178=FACE_BOUND('',#434,.T.);
#179=FACE_BOUND('',#435,.T.);
#180=FACE_BOUND('',#436,.T.);
#181=FACE_BOUND('',#437,.T.);
#182=FACE_BOUND('',#438,.T.);
#183=FACE_BOUND('',#439,.T.);
#184=FACE_BOUND('',#440,.T.);
#185=FACE_BOUND('',#441,.T.);
#186=FACE_BOUND('',#442,.T.);
#187=FACE_BOUND('',#443,.T.);
#188=FACE_BOUND('',#444,.T.);
#189=FACE_BOUND('',#445,.T.);
#190=FACE_BOUND('',#446,.T.);
#191=FACE_BOUND('',#447,.T.);
#192=FACE_BOUND('',#448,.T.);
#193=FACE_BOUND('',#449,.T.);
#194=FACE_BOUND('',#450,.T.);
#195=FACE_BOUND('',#459,.T.);
#196=FACE_BOUND('',#460,.T.);
#197=FACE_BOUND('',#461,.T.);
#198=FACE_BOUND('',#463,.T.);
#199=FACE_BOUND('',#464,.T.);
#200=FACE_BOUND('',#465,.T.);
#201=FACE_BOUND('',#466,.T.);
#202=FACE_BOUND('',#467,.T.);
#203=FACE_BOUND('',#468,.T.);
#204=FACE_BOUND('',#469,.T.);
#205=FACE_BOUND('',#470,.T.);
#206=FACE_BOUND('',#471,.T.);
#207=FACE_BOUND('',#472,.T.);
#208=FACE_BOUND('',#473,.T.);
#209=FACE_BOUND('',#474,.T.);
#210=FACE_BOUND('',#475,.T.);
#211=FACE_BOUND('',#476,.T.);
#212=FACE_BOUND('',#477,.T.);
#213=FACE_BOUND('',#478,.T.);
#214=FACE_BOUND('',#479,.T.);
#215=FACE_BOUND('',#480,.T.);
#216=FACE_BOUND('',#481,.T.);
#217=FACE_BOUND('',#482,.T.);
#218=FACE_BOUND('',#483,.T.);
#219=FACE_BOUND('',#484,.T.);
#220=FACE_BOUND('',#485,.T.);
#221=FACE_BOUND('',#486,.T.);
#222=FACE_BOUND('',#487,.T.);
#223=FACE_BOUND('',#488,.T.);
#224=FACE_BOUND('',#489,.T.);
#225=FACE_BOUND('',#490,.T.);
#226=FACE_BOUND('',#491,.T.);
#227=FACE_BOUND('',#492,.T.);
#228=FACE_BOUND('',#493,.T.);
#229=FACE_BOUND('',#494,.T.);
#230=FACE_BOUND('',#495,.T.);
#231=FACE_BOUND('',#496,.T.);
#232=FACE_BOUND('',#497,.T.);
#233=FACE_BOUND('',#498,.T.);
#234=FACE_BOUND('',#499,.T.);
#235=FACE_BOUND('',#500,.T.);
#236=FACE_BOUND('',#501,.T.);
#237=FACE_BOUND('',#502,.T.);
#238=FACE_BOUND('',#503,.T.);
#239=FACE_BOUND('',#504,.T.);
#240=FACE_BOUND('',#505,.T.);
#241=FACE_BOUND('',#506,.T.);
#242=FACE_BOUND('',#507,.T.);
#243=FACE_BOUND('',#508,.T.);
#244=FACE_BOUND('',#509,.T.);
#245=FACE_BOUND('',#510,.T.);
#246=FACE_BOUND('',#511,.T.);
#247=FACE_BOUND('',#513,.T.);
#248=FACE_BOUND('',#516,.T.);
#249=FACE_BOUND('',#517,.T.);
#250=FACE_BOUND('',#518,.T.);
#251=FACE_BOUND('',#520,.T.);
#252=FACE_BOUND('',#521,.T.);
#253=FACE_BOUND('',#522,.T.);
#254=FACE_BOUND('',#523,.T.);
#255=FACE_BOUND('',#524,.T.);
#256=PLANE('',#1864);
#257=PLANE('',#1870);
#258=PLANE('',#1876);
#259=PLANE('',#1882);
#260=PLANE('',#1888);
#261=PLANE('',#1894);
#262=PLANE('',#1900);
#263=PLANE('',#1913);
#264=PLANE('',#1914);
#265=PLANE('',#1915);
#266=PLANE('',#1916);
#267=PLANE('',#1917);
#268=PLANE('',#1969);
#269=PLANE('',#1970);
#270=PLANE('',#1971);
#271=PLANE('',#1972);
#272=PLANE('',#1973);
#273=PLANE('',#1974);
#274=PLANE('',#1975);
#275=PLANE('',#2021);
#276=PLANE('',#2022);
#277=PLANE('',#2023);
#278=PLANE('',#2024);
#279=FACE_OUTER_BOUND('',#369,.T.);
#280=FACE_OUTER_BOUND('',#370,.T.);
#281=FACE_OUTER_BOUND('',#371,.T.);
#282=FACE_OUTER_BOUND('',#372,.T.);
#283=FACE_OUTER_BOUND('',#373,.T.);
#284=FACE_OUTER_BOUND('',#375,.T.);
#285=FACE_OUTER_BOUND('',#376,.T.);
#286=FACE_OUTER_BOUND('',#377,.T.);
#287=FACE_OUTER_BOUND('',#378,.T.);
#288=FACE_OUTER_BOUND('',#379,.T.);
#289=FACE_OUTER_BOUND('',#380,.T.);
#290=FACE_OUTER_BOUND('',#381,.T.);
#291=FACE_OUTER_BOUND('',#382,.T.);
#292=FACE_OUTER_BOUND('',#383,.T.);
#293=FACE_OUTER_BOUND('',#384,.T.);
#294=FACE_OUTER_BOUND('',#385,.T.);
#295=FACE_OUTER_BOUND('',#386,.T.);
#296=FACE_OUTER_BOUND('',#387,.T.);
#297=FACE_OUTER_BOUND('',#388,.T.);
#298=FACE_OUTER_BOUND('',#389,.T.);
#299=FACE_OUTER_BOUND('',#390,.T.);
#300=FACE_OUTER_BOUND('',#391,.T.);
#301=FACE_OUTER_BOUND('',#392,.T.);
#302=FACE_OUTER_BOUND('',#393,.T.);
#303=FACE_OUTER_BOUND('',#394,.T.);
#304=FACE_OUTER_BOUND('',#395,.T.);
#305=FACE_OUTER_BOUND('',#396,.T.);
#306=FACE_OUTER_BOUND('',#397,.T.);
#307=FACE_OUTER_BOUND('',#398,.T.);
#308=FACE_OUTER_BOUND('',#399,.T.);
#309=FACE_OUTER_BOUND('',#400,.T.);
#310=FACE_OUTER_BOUND('',#401,.T.);
#311=FACE_OUTER_BOUND('',#451,.T.);
#312=FACE_OUTER_BOUND('',#452,.T.);
#313=FACE_OUTER_BOUND('',#453,.T.);
#314=FACE_OUTER_BOUND('',#454,.T.);
#315=FACE_OUTER_BOUND('',#455,.T.);
#316=FACE_OUTER_BOUND('',#456,.T.);
#317=FACE_OUTER_BOUND('',#457,.T.);
#318=FACE_OUTER_BOUND('',#458,.T.);
#319=FACE_OUTER_BOUND('',#462,.T.);
#320=FACE_OUTER_BOUND('',#512,.T.);
#321=FACE_OUTER_BOUND('',#514,.T.);
#322=FACE_OUTER_BOUND('',#515,.T.);
#323=FACE_OUTER_BOUND('',#519,.T.);
#324=FACE_OUTER_BOUND('',#525,.T.);
#325=FACE_OUTER_BOUND('',#526,.T.);
#326=FACE_OUTER_BOUND('',#527,.T.);
#327=FACE_OUTER_BOUND('',#528,.T.);
#328=FACE_OUTER_BOUND('',#529,.T.);
#329=FACE_OUTER_BOUND('',#530,.T.);
#330=FACE_OUTER_BOUND('',#531,.T.);
#331=FACE_OUTER_BOUND('',#532,.T.);
#332=FACE_OUTER_BOUND('',#533,.T.);
#333=FACE_OUTER_BOUND('',#534,.T.);
#334=FACE_OUTER_BOUND('',#535,.T.);
#335=FACE_OUTER_BOUND('',#536,.T.);
#336=FACE_OUTER_BOUND('',#537,.T.);
#337=FACE_OUTER_BOUND('',#538,.T.);
#338=FACE_OUTER_BOUND('',#539,.T.);
#339=FACE_OUTER_BOUND('',#540,.T.);
#340=FACE_OUTER_BOUND('',#541,.T.);
#341=FACE_OUTER_BOUND('',#542,.T.);
#342=FACE_OUTER_BOUND('',#543,.T.);
#343=FACE_OUTER_BOUND('',#544,.T.);
#344=FACE_OUTER_BOUND('',#545,.T.);
#345=FACE_OUTER_BOUND('',#546,.T.);
#346=FACE_OUTER_BOUND('',#547,.T.);
#347=FACE_OUTER_BOUND('',#548,.T.);
#348=FACE_OUTER_BOUND('',#549,.T.);
#349=FACE_OUTER_BOUND('',#550,.T.);
#350=FACE_OUTER_BOUND('',#551,.T.);
#351=FACE_OUTER_BOUND('',#552,.T.);
#352=FACE_OUTER_BOUND('',#553,.T.);
#353=FACE_OUTER_BOUND('',#554,.T.);
#354=FACE_OUTER_BOUND('',#555,.T.);
#355=FACE_OUTER_BOUND('',#556,.T.);
#356=FACE_OUTER_BOUND('',#557,.T.);
#357=FACE_OUTER_BOUND('',#558,.T.);
#358=FACE_OUTER_BOUND('',#559,.T.);
#359=FACE_OUTER_BOUND('',#560,.T.);
#360=FACE_OUTER_BOUND('',#561,.T.);
#361=FACE_OUTER_BOUND('',#562,.T.);
#362=FACE_OUTER_BOUND('',#563,.T.);
#363=FACE_OUTER_BOUND('',#564,.T.);
#364=FACE_OUTER_BOUND('',#565,.T.);
#365=FACE_OUTER_BOUND('',#566,.T.);
#366=FACE_OUTER_BOUND('',#567,.T.);
#367=FACE_OUTER_BOUND('',#568,.T.);
#368=FACE_OUTER_BOUND('',#569,.T.);
#369=EDGE_LOOP('',(#1205,#1206,#1207,#1208));
#370=EDGE_LOOP('',(#1209,#1210,#1211,#1212));
#371=EDGE_LOOP('',(#1213,#1214,#1215,#1216));
#372=EDGE_LOOP('',(#1217,#1218,#1219,#1220));
#373=EDGE_LOOP('',(#1221,#1222,#1223,#1224));
#374=EDGE_LOOP('',(#1225,#1226,#1227,#1228));
#375=EDGE_LOOP('',(#1229,#1230,#1231,#1232));
#376=EDGE_LOOP('',(#1233,#1234,#1235,#1236));
#377=EDGE_LOOP('',(#1237));
#378=EDGE_LOOP('',(#1238,#1239,#1240,#1241));
#379=EDGE_LOOP('',(#1242,#1243,#1244,#1245));
#380=EDGE_LOOP('',(#1246));
#381=EDGE_LOOP('',(#1247,#1248,#1249,#1250));
#382=EDGE_LOOP('',(#1251,#1252,#1253,#1254));
#383=EDGE_LOOP('',(#1255));
#384=EDGE_LOOP('',(#1256,#1257,#1258,#1259));
#385=EDGE_LOOP('',(#1260,#1261,#1262,#1263));
#386=EDGE_LOOP('',(#1264));
#387=EDGE_LOOP('',(#1265,#1266,#1267,#1268));
#388=EDGE_LOOP('',(#1269,#1270,#1271,#1272));
#389=EDGE_LOOP('',(#1273,#1274));
#390=EDGE_LOOP('',(#1275,#1276,#1277,#1278));
#391=EDGE_LOOP('',(#1279,#1280,#1281,#1282));
#392=EDGE_LOOP('',(#1283,#1284));
#393=EDGE_LOOP('',(#1285,#1286,#1287,#1288));
#394=EDGE_LOOP('',(#1289,#1290,#1291,#1292));
#395=EDGE_LOOP('',(#1293,#1294,#1295,#1296));
#396=EDGE_LOOP('',(#1297,#1298,#1299,#1300));
#397=EDGE_LOOP('',(#1301,#1302,#1303,#1304));
#398=EDGE_LOOP('',(#1305,#1306,#1307,#1308));
#399=EDGE_LOOP('',(#1309,#1310,#1311,#1312));
#400=EDGE_LOOP('',(#1313,#1314,#1315,#1316));
#401=EDGE_LOOP('',(#1317,#1318,#1319,#1320));
#402=EDGE_LOOP('',(#1321));
#403=EDGE_LOOP('',(#1322));
#404=EDGE_LOOP('',(#1323));
#405=EDGE_LOOP('',(#1324));
#406=EDGE_LOOP('',(#1325));
#407=EDGE_LOOP('',(#1326));
#408=EDGE_LOOP('',(#1327));
#409=EDGE_LOOP('',(#1328));
#410=EDGE_LOOP('',(#1329));
#411=EDGE_LOOP('',(#1330));
#412=EDGE_LOOP('',(#1331));
#413=EDGE_LOOP('',(#1332));
#414=EDGE_LOOP('',(#1333));
#415=EDGE_LOOP('',(#1334));
#416=EDGE_LOOP('',(#1335));
#417=EDGE_LOOP('',(#1336));
#418=EDGE_LOOP('',(#1337));
#419=EDGE_LOOP('',(#1338));
#420=EDGE_LOOP('',(#1339));
#421=EDGE_LOOP('',(#1340));
#422=EDGE_LOOP('',(#1341));
#423=EDGE_LOOP('',(#1342));
#424=EDGE_LOOP('',(#1343));
#425=EDGE_LOOP('',(#1344));
#426=EDGE_LOOP('',(#1345));
#427=EDGE_LOOP('',(#1346));
#428=EDGE_LOOP('',(#1347));
#429=EDGE_LOOP('',(#1348));
#430=EDGE_LOOP('',(#1349));
#431=EDGE_LOOP('',(#1350));
#432=EDGE_LOOP('',(#1351));
#433=EDGE_LOOP('',(#1352));
#434=EDGE_LOOP('',(#1353));
#435=EDGE_LOOP('',(#1354));
#436=EDGE_LOOP('',(#1355));
#437=EDGE_LOOP('',(#1356));
#438=EDGE_LOOP('',(#1357));
#439=EDGE_LOOP('',(#1358));
#440=EDGE_LOOP('',(#1359));
#441=EDGE_LOOP('',(#1360));
#442=EDGE_LOOP('',(#1361));
#443=EDGE_LOOP('',(#1362));
#444=EDGE_LOOP('',(#1363));
#445=EDGE_LOOP('',(#1364));
#446=EDGE_LOOP('',(#1365));
#447=EDGE_LOOP('',(#1366));
#448=EDGE_LOOP('',(#1367));
#449=EDGE_LOOP('',(#1368));
#450=EDGE_LOOP('',(#1369));
#451=EDGE_LOOP('',(#1370,#1371,#1372,#1373));
#452=EDGE_LOOP('',(#1374,#1375,#1376,#1377));
#453=EDGE_LOOP('',(#1378,#1379,#1380,#1381));
#454=EDGE_LOOP('',(#1382,#1383,#1384,#1385));
#455=EDGE_LOOP('',(#1386,#1387,#1388,#1389));
#456=EDGE_LOOP('',(#1390,#1391,#1392,#1393));
#457=EDGE_LOOP('',(#1394,#1395,#1396,#1397,#1398,#1399,#1400,#1401,#1402,
#1403));
#458=EDGE_LOOP('',(#1404,#1405,#1406,#1407));
#459=EDGE_LOOP('',(#1408));
#460=EDGE_LOOP('',(#1409));
#461=EDGE_LOOP('',(#1410,#1411,#1412,#1413));
#462=EDGE_LOOP('',(#1414,#1415,#1416,#1417,#1418,#1419,#1420,#1421,#1422,
#1423));
#463=EDGE_LOOP('',(#1424));
#464=EDGE_LOOP('',(#1425));
#465=EDGE_LOOP('',(#1426));
#466=EDGE_LOOP('',(#1427));
#467=EDGE_LOOP('',(#1428));
#468=EDGE_LOOP('',(#1429));
#469=EDGE_LOOP('',(#1430));
#470=EDGE_LOOP('',(#1431));
#471=EDGE_LOOP('',(#1432));
#472=EDGE_LOOP('',(#1433));
#473=EDGE_LOOP('',(#1434));
#474=EDGE_LOOP('',(#1435));
#475=EDGE_LOOP('',(#1436));
#476=EDGE_LOOP('',(#1437));
#477=EDGE_LOOP('',(#1438));
#478=EDGE_LOOP('',(#1439));
#479=EDGE_LOOP('',(#1440));
#480=EDGE_LOOP('',(#1441));
#481=EDGE_LOOP('',(#1442));
#482=EDGE_LOOP('',(#1443));
#483=EDGE_LOOP('',(#1444));
#484=EDGE_LOOP('',(#1445));
#485=EDGE_LOOP('',(#1446));
#486=EDGE_LOOP('',(#1447));
#487=EDGE_LOOP('',(#1448));
#488=EDGE_LOOP('',(#1449));
#489=EDGE_LOOP('',(#1450));
#490=EDGE_LOOP('',(#1451));
#491=EDGE_LOOP('',(#1452));
#492=EDGE_LOOP('',(#1453));
#493=EDGE_LOOP('',(#1454));
#494=EDGE_LOOP('',(#1455));
#495=EDGE_LOOP('',(#1456));
#496=EDGE_LOOP('',(#1457));
#497=EDGE_LOOP('',(#1458));
#498=EDGE_LOOP('',(#1459));
#499=EDGE_LOOP('',(#1460));
#500=EDGE_LOOP('',(#1461));
#501=EDGE_LOOP('',(#1462));
#502=EDGE_LOOP('',(#1463));
#503=EDGE_LOOP('',(#1464));
#504=EDGE_LOOP('',(#1465));
#505=EDGE_LOOP('',(#1466));
#506=EDGE_LOOP('',(#1467));
#507=EDGE_LOOP('',(#1468));
#508=EDGE_LOOP('',(#1469));
#509=EDGE_LOOP('',(#1470));
#510=EDGE_LOOP('',(#1471));
#511=EDGE_LOOP('',(#1472));
#512=EDGE_LOOP('',(#1473,#1474,#1475,#1476));
#513=EDGE_LOOP('',(#1477,#1478,#1479,#1480));
#514=EDGE_LOOP('',(#1481,#1482,#1483,#1484));
#515=EDGE_LOOP('',(#1485,#1486,#1487,#1488));
#516=EDGE_LOOP('',(#1489));
#517=EDGE_LOOP('',(#1490));
#518=EDGE_LOOP('',(#1491,#1492,#1493,#1494));
#519=EDGE_LOOP('',(#1495,#1496,#1497,#1498));
#520=EDGE_LOOP('',(#1499,#1500,#1501,#1502,#1503,#1504,#1505,#1506));
#521=EDGE_LOOP('',(#1507));
#522=EDGE_LOOP('',(#1508));
#523=EDGE_LOOP('',(#1509));
#524=EDGE_LOOP('',(#1510));
#525=EDGE_LOOP('',(#1511,#1512,#1513,#1514));
#526=EDGE_LOOP('',(#1515,#1516,#1517,#1518));
#527=EDGE_LOOP('',(#1519,#1520,#1521,#1522));
#528=EDGE_LOOP('',(#1523,#1524,#1525,#1526));
#529=EDGE_LOOP('',(#1527,#1528,#1529,#1530));
#530=EDGE_LOOP('',(#1531,#1532,#1533,#1534));
#531=EDGE_LOOP('',(#1535,#1536,#1537,#1538));
#532=EDGE_LOOP('',(#1539,#1540,#1541,#1542));
#533=EDGE_LOOP('',(#1543,#1544,#1545,#1546));
#534=EDGE_LOOP('',(#1547,#1548,#1549,#1550));
#535=EDGE_LOOP('',(#1551,#1552,#1553,#1554));
#536=EDGE_LOOP('',(#1555,#1556,#1557,#1558));
#537=EDGE_LOOP('',(#1559,#1560,#1561,#1562));
#538=EDGE_LOOP('',(#1563,#1564,#1565,#1566));
#539=EDGE_LOOP('',(#1567,#1568,#1569,#1570));
#540=EDGE_LOOP('',(#1571,#1572,#1573,#1574));
#541=EDGE_LOOP('',(#1575,#1576,#1577,#1578));
#542=EDGE_LOOP('',(#1579,#1580,#1581,#1582));
#543=EDGE_LOOP('',(#1583,#1584,#1585,#1586));
#544=EDGE_LOOP('',(#1587,#1588,#1589,#1590));
#545=EDGE_LOOP('',(#1591,#1592,#1593,#1594));
#546=EDGE_LOOP('',(#1595,#1596,#1597,#1598));
#547=EDGE_LOOP('',(#1599,#1600,#1601,#1602));
#548=EDGE_LOOP('',(#1603,#1604,#1605,#1606));
#549=EDGE_LOOP('',(#1607,#1608,#1609,#1610));
#550=EDGE_LOOP('',(#1611,#1612,#1613,#1614));
#551=EDGE_LOOP('',(#1615,#1616,#1617,#1618));
#552=EDGE_LOOP('',(#1619,#1620,#1621,#1622));
#553=EDGE_LOOP('',(#1623,#1624,#1625,#1626));
#554=EDGE_LOOP('',(#1627,#1628,#1629,#1630));
#555=EDGE_LOOP('',(#1631,#1632,#1633,#1634));
#556=EDGE_LOOP('',(#1635,#1636,#1637,#1638));
#557=EDGE_LOOP('',(#1639,#1640,#1641,#1642));
#558=EDGE_LOOP('',(#1643,#1644,#1645,#1646));
#559=EDGE_LOOP('',(#1647,#1648,#1649,#1650));
#560=EDGE_LOOP('',(#1651,#1652,#1653,#1654));
#561=EDGE_LOOP('',(#1655,#1656,#1657,#1658));
#562=EDGE_LOOP('',(#1659,#1660,#1661,#1662));
#563=EDGE_LOOP('',(#1663,#1664,#1665,#1666));
#564=EDGE_LOOP('',(#1667,#1668,#1669,#1670));
#565=EDGE_LOOP('',(#1671,#1672,#1673,#1674));
#566=EDGE_LOOP('',(#1675,#1676,#1677,#1678));
#567=EDGE_LOOP('',(#1679,#1680,#1681,#1682));
#568=EDGE_LOOP('',(#1683,#1684,#1685,#1686));
#569=EDGE_LOOP('',(#1687,#1688,#1689,#1690));
#570=ELLIPSE('',#1857,1.41421356237309,1.);
#571=ELLIPSE('',#1858,1.4142135623731,1.);
#572=ELLIPSE('',#1860,1.4142135623731,1.);
#573=ELLIPSE('',#1862,1.4142135623731,1.);
#574=LINE('',#2619,#689);
#575=LINE('',#2623,#690);
#576=LINE('',#2627,#691);
#577=LINE('',#2630,#692);
#578=LINE('',#2633,#693);
#579=LINE('',#2636,#694);
#580=LINE('',#2638,#695);
#581=LINE('',#2639,#696);
#582=LINE('',#2643,#697);
#583=LINE('',#2645,#698);
#584=LINE('',#2647,#699);
#585=LINE('',#2648,#700);
#586=LINE('',#2653,#701);
#587=LINE('',#2657,#702);
#588=LINE('',#2664,#703);
#589=LINE('',#2668,#704);
#590=LINE('',#2675,#705);
#591=LINE('',#2679,#706);
#592=LINE('',#2686,#707);
#593=LINE('',#2690,#708);
#594=LINE('',#2696,#709);
#595=LINE('',#2700,#710);
#596=LINE('',#2713,#711);
#597=LINE('',#2729,#712);
#598=LINE('',#2732,#713);
#599=LINE('',#2734,#714);
#600=LINE('',#2739,#715);
#601=LINE('',#2745,#716);
#602=LINE('',#2751,#717);
#603=LINE('',#2757,#718);
#604=LINE('',#2762,#719);
#605=LINE('',#2764,#720);
#606=LINE('',#2765,#721);
#607=LINE('',#2766,#722);
#608=LINE('',#2769,#723);
#609=LINE('',#2771,#724);
#610=LINE('',#2772,#725);
#611=LINE('',#2775,#726);
#612=LINE('',#2776,#727);
#613=LINE('',#2777,#728);
#614=LINE('',#2779,#729);
#615=LINE('',#2782,#730);
#616=LINE('',#2783,#731);
#617=LINE('',#2878,#732);
#618=LINE('',#2884,#733);
#619=LINE('',#2889,#734);
#620=LINE('',#2891,#735);
#621=LINE('',#2893,#736);
#622=LINE('',#2894,#737);
#623=LINE('',#2897,#738);
#624=LINE('',#2899,#739);
#625=LINE('',#2900,#740);
#626=LINE('',#2903,#741);
#627=LINE('',#2905,#742);
#628=LINE('',#2906,#743);
#629=LINE('',#2908,#744);
#630=LINE('',#2909,#745);
#631=LINE('',#2912,#746);
#632=LINE('',#2913,#747);
#633=LINE('',#2915,#748);
#634=LINE('',#2916,#749);
#635=LINE('',#2919,#750);
#636=LINE('',#2920,#751);
#637=LINE('',#2922,#752);
#638=LINE('',#2924,#753);
#639=LINE('',#2925,#754);
#640=LINE('',#3017,#755);
#641=LINE('',#3020,#756);
#642=LINE('',#3021,#757);
#643=LINE('',#3023,#758);
#644=LINE('',#3026,#759);
#645=LINE('',#3028,#760);
#646=LINE('',#3030,#761);
#647=LINE('',#3032,#762);
#648=LINE('',#3034,#763);
#649=LINE('',#3036,#764);
#650=LINE('',#3038,#765);
#651=LINE('',#3040,#766);
#652=LINE('',#3042,#767);
#653=LINE('',#3044,#768);
#654=LINE('',#3046,#769);
#655=LINE('',#3048,#770);
#656=LINE('',#3050,#771);
#657=LINE('',#3052,#772);
#658=LINE('',#3054,#773);
#659=LINE('',#3056,#774);
#660=LINE('',#3058,#775);
#661=LINE('',#3060,#776);
#662=LINE('',#3062,#777);
#663=LINE('',#3064,#778);
#664=LINE('',#3066,#779);
#665=LINE('',#3068,#780);
#666=LINE('',#3070,#781);
#667=LINE('',#3072,#782);
#668=LINE('',#3074,#783);
#669=LINE('',#3076,#784);
#670=LINE('',#3078,#785);
#671=LINE('',#3080,#786);
#672=LINE('',#3082,#787);
#673=LINE('',#3084,#788);
#674=LINE('',#3086,#789);
#675=LINE('',#3088,#790);
#676=LINE('',#3090,#791);
#677=LINE('',#3092,#792);
#678=LINE('',#3094,#793);
#679=LINE('',#3096,#794);
#680=LINE('',#3098,#795);
#681=LINE('',#3100,#796);
#682=LINE('',#3102,#797);
#683=LINE('',#3104,#798);
#684=LINE('',#3106,#799);
#685=LINE('',#3108,#800);
#686=LINE('',#3110,#801);
#687=LINE('',#3112,#802);
#688=LINE('',#3114,#803);
#689=VECTOR('',#2074,10.);
#690=VECTOR('',#2077,10.);
#691=VECTOR('',#2082,10.);
#692=VECTOR('',#2085,10.);
#693=VECTOR('',#2088,10.);
#694=VECTOR('',#2091,10.);
#695=VECTOR('',#2094,10.);
#696=VECTOR('',#2095,10.);
#697=VECTOR('',#2098,10.);
#698=VECTOR('',#2099,10.);
#699=VECTOR('',#2100,10.);
#700=VECTOR('',#2101,10.);
#701=VECTOR('',#2106,0.475);
#702=VECTOR('',#2111,0.45);
#703=VECTOR('',#2120,0.475);
#704=VECTOR('',#2125,0.45);
#705=VECTOR('',#2134,0.475);
#706=VECTOR('',#2139,0.45);
#707=VECTOR('',#2148,0.475);
#708=VECTOR('',#2153,0.45);
#709=VECTOR('',#2160,10.);
#710=VECTOR('',#2163,10.);
#711=VECTOR('',#2172,10.);
#712=VECTOR('',#2181,10.);
#713=VECTOR('',#2184,10.);
#714=VECTOR('',#2187,10.);
#715=VECTOR('',#2192,0.249999999999999);
#716=VECTOR('',#2199,0.25);
#717=VECTOR('',#2206,0.249999999999999);
#718=VECTOR('',#2213,0.25);
#719=VECTOR('',#2218,10.);
#720=VECTOR('',#2219,10.);
#721=VECTOR('',#2220,10.);
#722=VECTOR('',#2221,10.);
#723=VECTOR('',#2224,10.);
#724=VECTOR('',#2225,10.);
#725=VECTOR('',#2226,10.);
#726=VECTOR('',#2229,10.);
#727=VECTOR('',#2230,10.);
#728=VECTOR('',#2231,10.);
#729=VECTOR('',#2234,10.);
#730=VECTOR('',#2237,10.);
#731=VECTOR('',#2238,10.);
#732=VECTOR('',#2333,1.25);
#733=VECTOR('',#2340,1.25);
#734=VECTOR('',#2345,10.);
#735=VECTOR('',#2346,10.);
#736=VECTOR('',#2347,10.);
#737=VECTOR('',#2348,10.);
#738=VECTOR('',#2351,10.);
#739=VECTOR('',#2352,10.);
#740=VECTOR('',#2353,10.);
#741=VECTOR('',#2356,10.);
#742=VECTOR('',#2357,10.);
#743=VECTOR('',#2358,10.);
#744=VECTOR('',#2361,10.);
#745=VECTOR('',#2362,10.);
#746=VECTOR('',#2365,10.);
#747=VECTOR('',#2366,10.);
#748=VECTOR('',#2367,10.);
#749=VECTOR('',#2368,10.);
#750=VECTOR('',#2371,10.);
#751=VECTOR('',#2372,10.);
#752=VECTOR('',#2375,10.);
#753=VECTOR('',#2376,10.);
#754=VECTOR('',#2377,10.);
#755=VECTOR('',#2470,10.);
#756=VECTOR('',#2473,10.);
#757=VECTOR('',#2474,10.);
#758=VECTOR('',#2477,10.);
#759=VECTOR('',#2482,0.249999999999999);
#760=VECTOR('',#2485,0.249999999999999);
#761=VECTOR('',#2488,0.249999999999999);
#762=VECTOR('',#2491,0.249999999999999);
#763=VECTOR('',#2494,0.249999999999999);
#764=VECTOR('',#2497,0.249999999999999);
#765=VECTOR('',#2500,0.249999999999999);
#766=VECTOR('',#2503,0.25);
#767=VECTOR('',#2506,0.25);
#768=VECTOR('',#2509,0.25);
#769=VECTOR('',#2512,0.25);
#770=VECTOR('',#2515,0.25);
#771=VECTOR('',#2518,0.25);
#772=VECTOR('',#2521,0.25);
#773=VECTOR('',#2524,0.25);
#774=VECTOR('',#2527,0.25);
#775=VECTOR('',#2530,0.25);
#776=VECTOR('',#2533,0.25);
#777=VECTOR('',#2536,0.25);
#778=VECTOR('',#2539,0.25);
#779=VECTOR('',#2542,0.25);
#780=VECTOR('',#2545,0.25);
#781=VECTOR('',#2548,0.25);
#782=VECTOR('',#2551,0.25);
#783=VECTOR('',#2554,0.25);
#784=VECTOR('',#2557,0.25);
#785=VECTOR('',#2560,0.25);
#786=VECTOR('',#2563,0.25);
#787=VECTOR('',#2566,0.25);
#788=VECTOR('',#2569,0.25);
#789=VECTOR('',#2572,0.25);
#790=VECTOR('',#2575,0.25);
#791=VECTOR('',#2578,0.25);
#792=VECTOR('',#2581,0.25);
#793=VECTOR('',#2584,0.25);
#794=VECTOR('',#2587,0.25);
#795=VECTOR('',#2590,0.25);
#796=VECTOR('',#2593,0.25);
#797=VECTOR('',#2596,0.25);
#798=VECTOR('',#2599,0.25);
#799=VECTOR('',#2602,0.25);
#800=VECTOR('',#2605,0.25);
#801=VECTOR('',#2608,0.25);
#802=VECTOR('',#2611,0.25);
#803=VECTOR('',#2614,0.25);
#804=VERTEX_POINT('',#2617);
#805=VERTEX_POINT('',#2618);
#806=VERTEX_POINT('',#2620);
#807=VERTEX_POINT('',#2622);
#808=VERTEX_POINT('',#2626);
#809=VERTEX_POINT('',#2628);
#810=VERTEX_POINT('',#2632);
#811=VERTEX_POINT('',#2634);
#812=VERTEX_POINT('',#2641);
#813=VERTEX_POINT('',#2642);
#814=VERTEX_POINT('',#2644);
#815=VERTEX_POINT('',#2646);
#816=VERTEX_POINT('',#2650);
#817=VERTEX_POINT('',#2652);
#818=VERTEX_POINT('',#2656);
#819=VERTEX_POINT('',#2661);
#820=VERTEX_POINT('',#2663);
#821=VERTEX_POINT('',#2667);
#822=VERTEX_POINT('',#2672);
#823=VERTEX_POINT('',#2674);
#824=VERTEX_POINT('',#2678);
#825=VERTEX_POINT('',#2683);
#826=VERTEX_POINT('',#2685);
#827=VERTEX_POINT('',#2689);
#828=VERTEX_POINT('',#2694);
#829=VERTEX_POINT('',#2695);
#830=VERTEX_POINT('',#2697);
#831=VERTEX_POINT('',#2699);
#832=VERTEX_POINT('',#2703);
#833=VERTEX_POINT('',#2707);
#834=VERTEX_POINT('',#2715);
#835=VERTEX_POINT('',#2716);
#836=VERTEX_POINT('',#2720);
#837=VERTEX_POINT('',#2722);
#838=VERTEX_POINT('',#2728);
#839=VERTEX_POINT('',#2730);
#840=VERTEX_POINT('',#2736);
#841=VERTEX_POINT('',#2738);
#842=VERTEX_POINT('',#2742);
#843=VERTEX_POINT('',#2744);
#844=VERTEX_POINT('',#2748);
#845=VERTEX_POINT('',#2750);
#846=VERTEX_POINT('',#2754);
#847=VERTEX_POINT('',#2756);
#848=VERTEX_POINT('',#2760);
#849=VERTEX_POINT('',#2761);
#850=VERTEX_POINT('',#2763);
#851=VERTEX_POINT('',#2768);
#852=VERTEX_POINT('',#2770);
#853=VERTEX_POINT('',#2774);
#854=VERTEX_POINT('',#2781);
#855=VERTEX_POINT('',#2784);
#856=VERTEX_POINT('',#2786);
#857=VERTEX_POINT('',#2788);
#858=VERTEX_POINT('',#2790);
#859=VERTEX_POINT('',#2792);
#860=VERTEX_POINT('',#2794);
#861=VERTEX_POINT('',#2796);
#862=VERTEX_POINT('',#2798);
#863=VERTEX_POINT('',#2800);
#864=VERTEX_POINT('',#2802);
#865=VERTEX_POINT('',#2804);
#866=VERTEX_POINT('',#2806);
#867=VERTEX_POINT('',#2808);
#868=VERTEX_POINT('',#2810);
#869=VERTEX_POINT('',#2812);
#870=VERTEX_POINT('',#2814);
#871=VERTEX_POINT('',#2816);
#872=VERTEX_POINT('',#2818);
#873=VERTEX_POINT('',#2820);
#874=VERTEX_POINT('',#2822);
#875=VERTEX_POINT('',#2824);
#876=VERTEX_POINT('',#2826);
#877=VERTEX_POINT('',#2828);
#878=VERTEX_POINT('',#2830);
#879=VERTEX_POINT('',#2832);
#880=VERTEX_POINT('',#2834);
#881=VERTEX_POINT('',#2836);
#882=VERTEX_POINT('',#2838);
#883=VERTEX_POINT('',#2840);
#884=VERTEX_POINT('',#2842);
#885=VERTEX_POINT('',#2844);
#886=VERTEX_POINT('',#2846);
#887=VERTEX_POINT('',#2848);
#888=VERTEX_POINT('',#2850);
#889=VERTEX_POINT('',#2852);
#890=VERTEX_POINT('',#2854);
#891=VERTEX_POINT('',#2856);
#892=VERTEX_POINT('',#2858);
#893=VERTEX_POINT('',#2860);
#894=VERTEX_POINT('',#2862);
#895=VERTEX_POINT('',#2864);
#896=VERTEX_POINT('',#2866);
#897=VERTEX_POINT('',#2868);
#898=VERTEX_POINT('',#2870);
#899=VERTEX_POINT('',#2872);
#900=VERTEX_POINT('',#2875);
#901=VERTEX_POINT('',#2877);
#902=VERTEX_POINT('',#2881);
#903=VERTEX_POINT('',#2883);
#904=VERTEX_POINT('',#2887);
#905=VERTEX_POINT('',#2888);
#906=VERTEX_POINT('',#2890);
#907=VERTEX_POINT('',#2892);
#908=VERTEX_POINT('',#2896);
#909=VERTEX_POINT('',#2898);
#910=VERTEX_POINT('',#2902);
#911=VERTEX_POINT('',#2904);
#912=VERTEX_POINT('',#2911);
#913=VERTEX_POINT('',#2914);
#914=VERTEX_POINT('',#2918);
#915=VERTEX_POINT('',#2923);
#916=VERTEX_POINT('',#2926);
#917=VERTEX_POINT('',#2928);
#918=VERTEX_POINT('',#2930);
#919=VERTEX_POINT('',#2932);
#920=VERTEX_POINT('',#2934);
#921=VERTEX_POINT('',#2936);
#922=VERTEX_POINT('',#2938);
#923=VERTEX_POINT('',#2940);
#924=VERTEX_POINT('',#2942);
#925=VERTEX_POINT('',#2944);
#926=VERTEX_POINT('',#2946);
#927=VERTEX_POINT('',#2948);
#928=VERTEX_POINT('',#2950);
#929=VERTEX_POINT('',#2952);
#930=VERTEX_POINT('',#2954);
#931=VERTEX_POINT('',#2956);
#932=VERTEX_POINT('',#2958);
#933=VERTEX_POINT('',#2960);
#934=VERTEX_POINT('',#2962);
#935=VERTEX_POINT('',#2964);
#936=VERTEX_POINT('',#2966);
#937=VERTEX_POINT('',#2968);
#938=VERTEX_POINT('',#2970);
#939=VERTEX_POINT('',#2972);
#940=VERTEX_POINT('',#2974);
#941=VERTEX_POINT('',#2976);
#942=VERTEX_POINT('',#2978);
#943=VERTEX_POINT('',#2980);
#944=VERTEX_POINT('',#2982);
#945=VERTEX_POINT('',#2984);
#946=VERTEX_POINT('',#2986);
#947=VERTEX_POINT('',#2988);
#948=VERTEX_POINT('',#2990);
#949=VERTEX_POINT('',#2992);
#950=VERTEX_POINT('',#2994);
#951=VERTEX_POINT('',#2996);
#952=VERTEX_POINT('',#2998);
#953=VERTEX_POINT('',#3000);
#954=VERTEX_POINT('',#3002);
#955=VERTEX_POINT('',#3004);
#956=VERTEX_POINT('',#3006);
#957=VERTEX_POINT('',#3008);
#958=VERTEX_POINT('',#3010);
#959=VERTEX_POINT('',#3012);
#960=VERTEX_POINT('',#3014);
#961=VERTEX_POINT('',#3019);
#962=EDGE_CURVE('',#804,#805,#574,.T.);
#963=EDGE_CURVE('',#805,#806,#570,.T.);
#964=EDGE_CURVE('',#807,#806,#575,.T.);
#965=EDGE_CURVE('',#804,#807,#571,.T.);
#966=EDGE_CURVE('',#805,#808,#576,.T.);
#967=EDGE_CURVE('',#808,#809,#572,.T.);
#968=EDGE_CURVE('',#806,#809,#577,.T.);
#969=EDGE_CURVE('',#810,#807,#578,.T.);
#970=EDGE_CURVE('',#810,#811,#573,.T.);
#971=EDGE_CURVE('',#811,#804,#579,.T.);
#972=EDGE_CURVE('',#808,#811,#580,.T.);
#973=EDGE_CURVE('',#809,#810,#581,.T.);
#974=EDGE_CURVE('',#812,#813,#582,.T.);
#975=EDGE_CURVE('',#812,#814,#583,.F.);
#976=EDGE_CURVE('',#815,#814,#584,.F.);
#977=EDGE_CURVE('',#815,#813,#585,.F.);
#978=EDGE_CURVE('',#816,#816,#19,.T.);
#979=EDGE_CURVE('',#816,#817,#586,.T.);
#980=EDGE_CURVE('',#817,#817,#20,.T.);
#981=EDGE_CURVE('',#817,#818,#587,.T.);
#982=EDGE_CURVE('',#818,#818,#21,.T.);
#983=EDGE_CURVE('',#819,#819,#22,.T.);
#984=EDGE_CURVE('',#819,#820,#588,.T.);
#985=EDGE_CURVE('',#820,#820,#23,.T.);
#986=EDGE_CURVE('',#820,#821,#589,.T.);
#987=EDGE_CURVE('',#821,#821,#24,.T.);
#988=EDGE_CURVE('',#822,#822,#25,.T.);
#989=EDGE_CURVE('',#822,#823,#590,.T.);
#990=EDGE_CURVE('',#823,#823,#26,.T.);
#991=EDGE_CURVE('',#823,#824,#591,.T.);
#992=EDGE_CURVE('',#824,#824,#27,.T.);
#993=EDGE_CURVE('',#825,#825,#28,.T.);
#994=EDGE_CURVE('',#825,#826,#592,.T.);
#995=EDGE_CURVE('',#826,#826,#29,.T.);
#996=EDGE_CURVE('',#826,#827,#593,.T.);
#997=EDGE_CURVE('',#827,#827,#30,.T.);
#998=EDGE_CURVE('',#828,#829,#594,.T.);
#999=EDGE_CURVE('',#828,#830,#31,.T.);
#1000=EDGE_CURVE('',#831,#830,#595,.T.);
#1001=EDGE_CURVE('',#829,#831,#32,.T.);
#1002=EDGE_CURVE('',#829,#832,#15,.T.);
#1003=EDGE_CURVE('',#833,#831,#16,.T.);
#1004=EDGE_CURVE('',#832,#833,#33,.T.);
#1005=EDGE_CURVE('',#830,#828,#596,.T.);
#1006=EDGE_CURVE('',#834,#835,#17,.T.);
#1007=EDGE_CURVE('',#834,#836,#34,.T.);
#1008=EDGE_CURVE('',#837,#836,#18,.T.);
#1009=EDGE_CURVE('',#835,#837,#35,.T.);
#1010=EDGE_CURVE('',#838,#834,#597,.T.);
#1011=EDGE_CURVE('',#838,#839,#36,.T.);
#1012=EDGE_CURVE('',#836,#839,#598,.T.);
#1013=EDGE_CURVE('',#839,#838,#599,.T.);
#1014=EDGE_CURVE('',#840,#840,#37,.T.);
#1015=EDGE_CURVE('',#840,#841,#600,.T.);
#1016=EDGE_CURVE('',#841,#841,#38,.T.);
#1017=EDGE_CURVE('',#842,#842,#39,.T.);
#1018=EDGE_CURVE('',#842,#843,#601,.T.);
#1019=EDGE_CURVE('',#843,#843,#40,.T.);
#1020=EDGE_CURVE('',#844,#844,#41,.T.);
#1021=EDGE_CURVE('',#844,#845,#602,.T.);
#1022=EDGE_CURVE('',#845,#845,#42,.T.);
#1023=EDGE_CURVE('',#846,#846,#43,.T.);
#1024=EDGE_CURVE('',#846,#847,#603,.T.);
#1025=EDGE_CURVE('',#847,#847,#44,.T.);
#1026=EDGE_CURVE('',#848,#849,#604,.T.);
#1027=EDGE_CURVE('',#849,#850,#605,.T.);
#1028=EDGE_CURVE('',#850,#812,#606,.T.);
#1029=EDGE_CURVE('',#848,#812,#607,.T.);
#1030=EDGE_CURVE('',#849,#851,#608,.T.);
#1031=EDGE_CURVE('',#851,#852,#609,.T.);
#1032=EDGE_CURVE('',#852,#850,#610,.T.);
#1033=EDGE_CURVE('',#851,#853,#611,.T.);
#1034=EDGE_CURVE('',#853,#813,#612,.T.);
#1035=EDGE_CURVE('',#813,#852,#613,.T.);
#1036=EDGE_CURVE('',#853,#848,#614,.T.);
#1037=EDGE_CURVE('',#850,#854,#615,.F.);
#1038=EDGE_CURVE('',#814,#854,#616,.F.);
#1039=EDGE_CURVE('',#855,#855,#45,.T.);
#1040=EDGE_CURVE('',#856,#856,#46,.T.);
#1041=EDGE_CURVE('',#857,#857,#47,.T.);
#1042=EDGE_CURVE('',#858,#858,#48,.T.);
#1043=EDGE_CURVE('',#859,#859,#49,.T.);
#1044=EDGE_CURVE('',#860,#860,#50,.T.);
#1045=EDGE_CURVE('',#861,#861,#51,.T.);
#1046=EDGE_CURVE('',#862,#862,#52,.T.);
#1047=EDGE_CURVE('',#863,#863,#53,.T.);
#1048=EDGE_CURVE('',#864,#864,#54,.T.);
#1049=EDGE_CURVE('',#865,#865,#55,.T.);
#1050=EDGE_CURVE('',#866,#866,#56,.T.);
#1051=EDGE_CURVE('',#867,#867,#57,.T.);
#1052=EDGE_CURVE('',#868,#868,#58,.T.);
#1053=EDGE_CURVE('',#869,#869,#59,.T.);
#1054=EDGE_CURVE('',#870,#870,#60,.T.);
#1055=EDGE_CURVE('',#871,#871,#61,.T.);
#1056=EDGE_CURVE('',#872,#872,#62,.T.);
#1057=EDGE_CURVE('',#873,#873,#63,.T.);
#1058=EDGE_CURVE('',#874,#874,#64,.T.);
#1059=EDGE_CURVE('',#875,#875,#65,.T.);
#1060=EDGE_CURVE('',#876,#876,#66,.T.);
#1061=EDGE_CURVE('',#877,#877,#67,.T.);
#1062=EDGE_CURVE('',#878,#878,#68,.T.);
#1063=EDGE_CURVE('',#879,#879,#69,.T.);
#1064=EDGE_CURVE('',#880,#880,#70,.T.);
#1065=EDGE_CURVE('',#881,#881,#71,.T.);
#1066=EDGE_CURVE('',#882,#882,#72,.T.);
#1067=EDGE_CURVE('',#883,#883,#73,.T.);
#1068=EDGE_CURVE('',#884,#884,#74,.T.);
#1069=EDGE_CURVE('',#885,#885,#75,.T.);
#1070=EDGE_CURVE('',#886,#886,#76,.T.);
#1071=EDGE_CURVE('',#887,#887,#77,.T.);
#1072=EDGE_CURVE('',#888,#888,#78,.T.);
#1073=EDGE_CURVE('',#889,#889,#79,.T.);
#1074=EDGE_CURVE('',#890,#890,#80,.T.);
#1075=EDGE_CURVE('',#891,#891,#81,.T.);
#1076=EDGE_CURVE('',#892,#892,#82,.T.);
#1077=EDGE_CURVE('',#893,#893,#83,.T.);
#1078=EDGE_CURVE('',#894,#894,#84,.T.);
#1079=EDGE_CURVE('',#895,#895,#85,.T.);
#1080=EDGE_CURVE('',#896,#896,#86,.T.);
#1081=EDGE_CURVE('',#897,#897,#87,.T.);
#1082=EDGE_CURVE('',#898,#898,#88,.T.);
#1083=EDGE_CURVE('',#899,#899,#89,.T.);
#1084=EDGE_CURVE('',#900,#900,#90,.T.);
#1085=EDGE_CURVE('',#900,#901,#617,.T.);
#1086=EDGE_CURVE('',#901,#901,#91,.T.);
#1087=EDGE_CURVE('',#902,#902,#92,.T.);
#1088=EDGE_CURVE('',#902,#903,#618,.T.);
#1089=EDGE_CURVE('',#903,#903,#93,.T.);
#1090=EDGE_CURVE('',#904,#905,#619,.T.);
#1091=EDGE_CURVE('',#906,#904,#620,.T.);
#1092=EDGE_CURVE('',#907,#906,#621,.T.);
#1093=EDGE_CURVE('',#907,#905,#622,.T.);
#1094=EDGE_CURVE('',#905,#908,#623,.T.);
#1095=EDGE_CURVE('',#909,#907,#624,.T.);
#1096=EDGE_CURVE('',#909,#908,#625,.T.);
#1097=EDGE_CURVE('',#908,#910,#626,.T.);
#1098=EDGE_CURVE('',#911,#909,#627,.T.);
#1099=EDGE_CURVE('',#911,#910,#628,.T.);
#1100=EDGE_CURVE('',#910,#904,#629,.T.);
#1101=EDGE_CURVE('',#906,#911,#630,.T.);
#1102=EDGE_CURVE('',#912,#835,#631,.T.);
#1103=EDGE_CURVE('',#912,#853,#632,.T.);
#1104=EDGE_CURVE('',#851,#913,#633,.T.);
#1105=EDGE_CURVE('',#837,#913,#634,.T.);
#1106=EDGE_CURVE('',#849,#914,#635,.T.);
#1107=EDGE_CURVE('',#913,#914,#636,.T.);
#1108=EDGE_CURVE('',#914,#832,#637,.T.);
#1109=EDGE_CURVE('',#848,#915,#638,.T.);
#1110=EDGE_CURVE('',#833,#915,#639,.T.);
#1111=EDGE_CURVE('',#916,#916,#94,.T.);
#1112=EDGE_CURVE('',#917,#917,#95,.T.);
#1113=EDGE_CURVE('',#918,#918,#96,.T.);
#1114=EDGE_CURVE('',#919,#919,#97,.T.);
#1115=EDGE_CURVE('',#920,#920,#98,.T.);
#1116=EDGE_CURVE('',#921,#921,#99,.T.);
#1117=EDGE_CURVE('',#922,#922,#100,.T.);
#1118=EDGE_CURVE('',#923,#923,#101,.T.);
#1119=EDGE_CURVE('',#924,#924,#102,.T.);
#1120=EDGE_CURVE('',#925,#925,#103,.T.);
#1121=EDGE_CURVE('',#926,#926,#104,.T.);
#1122=EDGE_CURVE('',#927,#927,#105,.T.);
#1123=EDGE_CURVE('',#928,#928,#106,.T.);
#1124=EDGE_CURVE('',#929,#929,#107,.T.);
#1125=EDGE_CURVE('',#930,#930,#108,.T.);
#1126=EDGE_CURVE('',#931,#931,#109,.T.);
#1127=EDGE_CURVE('',#932,#932,#110,.T.);
#1128=EDGE_CURVE('',#933,#933,#111,.T.);
#1129=EDGE_CURVE('',#934,#934,#112,.T.);
#1130=EDGE_CURVE('',#935,#935,#113,.T.);
#1131=EDGE_CURVE('',#936,#936,#114,.T.);
#1132=EDGE_CURVE('',#937,#937,#115,.T.);
#1133=EDGE_CURVE('',#938,#938,#116,.T.);
#1134=EDGE_CURVE('',#939,#939,#117,.T.);
#1135=EDGE_CURVE('',#940,#940,#118,.T.);
#1136=EDGE_CURVE('',#941,#941,#119,.T.);
#1137=EDGE_CURVE('',#942,#942,#120,.T.);
#1138=EDGE_CURVE('',#943,#943,#121,.T.);
#1139=EDGE_CURVE('',#944,#944,#122,.T.);
#1140=EDGE_CURVE('',#945,#945,#123,.T.);
#1141=EDGE_CURVE('',#946,#946,#124,.T.);
#1142=EDGE_CURVE('',#947,#947,#125,.T.);
#1143=EDGE_CURVE('',#948,#948,#126,.T.);
#1144=EDGE_CURVE('',#949,#949,#127,.T.);
#1145=EDGE_CURVE('',#950,#950,#128,.T.);
#1146=EDGE_CURVE('',#951,#951,#129,.T.);
#1147=EDGE_CURVE('',#952,#952,#130,.T.);
#1148=EDGE_CURVE('',#953,#953,#131,.T.);
#1149=EDGE_CURVE('',#954,#954,#132,.T.);
#1150=EDGE_CURVE('',#955,#955,#133,.T.);
#1151=EDGE_CURVE('',#956,#956,#134,.T.);
#1152=EDGE_CURVE('',#957,#957,#135,.T.);
#1153=EDGE_CURVE('',#958,#958,#136,.T.);
#1154=EDGE_CURVE('',#959,#959,#137,.T.);
#1155=EDGE_CURVE('',#960,#960,#138,.T.);
#1156=EDGE_CURVE('',#915,#912,#640,.T.);
#1157=EDGE_CURVE('',#961,#815,#641,.F.);
#1158=EDGE_CURVE('',#852,#961,#642,.F.);
#1159=EDGE_CURVE('',#854,#961,#643,.F.);
#1160=EDGE_CURVE('',#899,#916,#644,.T.);
#1161=EDGE_CURVE('',#898,#917,#645,.T.);
#1162=EDGE_CURVE('',#897,#918,#646,.T.);
#1163=EDGE_CURVE('',#896,#919,#647,.T.);
#1164=EDGE_CURVE('',#895,#920,#648,.T.);
#1165=EDGE_CURVE('',#894,#921,#649,.T.);
#1166=EDGE_CURVE('',#893,#922,#650,.T.);
#1167=EDGE_CURVE('',#892,#923,#651,.T.);
#1168=EDGE_CURVE('',#891,#924,#652,.T.);
#1169=EDGE_CURVE('',#890,#925,#653,.T.);
#1170=EDGE_CURVE('',#889,#926,#654,.T.);
#1171=EDGE_CURVE('',#888,#927,#655,.T.);
#1172=EDGE_CURVE('',#887,#928,#656,.T.);
#1173=EDGE_CURVE('',#886,#929,#657,.T.);
#1174=EDGE_CURVE('',#885,#930,#658,.T.);
#1175=EDGE_CURVE('',#884,#931,#659,.T.);
#1176=EDGE_CURVE('',#883,#932,#660,.T.);
#1177=EDGE_CURVE('',#882,#933,#661,.T.);
#1178=EDGE_CURVE('',#881,#934,#662,.T.);
#1179=EDGE_CURVE('',#880,#935,#663,.T.);
#1180=EDGE_CURVE('',#879,#936,#664,.T.);
#1181=EDGE_CURVE('',#878,#937,#665,.T.);
#1182=EDGE_CURVE('',#877,#938,#666,.T.);
#1183=EDGE_CURVE('',#876,#939,#667,.T.);
#1184=EDGE_CURVE('',#875,#940,#668,.T.);
#1185=EDGE_CURVE('',#874,#941,#669,.T.);
#1186=EDGE_CURVE('',#873,#942,#670,.T.);
#1187=EDGE_CURVE('',#872,#943,#671,.T.);
#1188=EDGE_CURVE('',#871,#944,#672,.T.);
#1189=EDGE_CURVE('',#870,#945,#673,.T.);
#1190=EDGE_CURVE('',#869,#946,#674,.T.);
#1191=EDGE_CURVE('',#868,#947,#675,.T.);
#1192=EDGE_CURVE('',#867,#948,#676,.T.);
#1193=EDGE_CURVE('',#866,#949,#677,.T.);
#1194=EDGE_CURVE('',#865,#950,#678,.T.);
#1195=EDGE_CURVE('',#864,#951,#679,.T.);
#1196=EDGE_CURVE('',#863,#952,#680,.T.);
#1197=EDGE_CURVE('',#862,#953,#681,.T.);
#1198=EDGE_CURVE('',#861,#954,#682,.T.);
#1199=EDGE_CURVE('',#860,#955,#683,.T.);
#1200=EDGE_CURVE('',#859,#956,#684,.T.);
#1201=EDGE_CURVE('',#858,#957,#685,.T.);
#1202=EDGE_CURVE('',#857,#958,#686,.T.);
#1203=EDGE_CURVE('',#856,#959,#687,.T.);
#1204=EDGE_CURVE('',#855,#960,#688,.T.);
#1205=ORIENTED_EDGE('',*,*,#962,.T.);
#1206=ORIENTED_EDGE('',*,*,#963,.T.);
#1207=ORIENTED_EDGE('',*,*,#964,.F.);
#1208=ORIENTED_EDGE('',*,*,#965,.F.);
#1209=ORIENTED_EDGE('',*,*,#966,.T.);
#1210=ORIENTED_EDGE('',*,*,#967,.T.);
#1211=ORIENTED_EDGE('',*,*,#968,.F.);
#1212=ORIENTED_EDGE('',*,*,#963,.F.);
#1213=ORIENTED_EDGE('',*,*,#969,.F.);
#1214=ORIENTED_EDGE('',*,*,#970,.T.);
#1215=ORIENTED_EDGE('',*,*,#971,.T.);
#1216=ORIENTED_EDGE('',*,*,#965,.T.);
#1217=ORIENTED_EDGE('',*,*,#972,.T.);
#1218=ORIENTED_EDGE('',*,*,#970,.F.);
#1219=ORIENTED_EDGE('',*,*,#973,.F.);
#1220=ORIENTED_EDGE('',*,*,#967,.F.);
#1221=ORIENTED_EDGE('',*,*,#974,.F.);
#1222=ORIENTED_EDGE('',*,*,#975,.T.);
#1223=ORIENTED_EDGE('',*,*,#976,.F.);
#1224=ORIENTED_EDGE('',*,*,#977,.T.);
#1225=ORIENTED_EDGE('',*,*,#962,.F.);
#1226=ORIENTED_EDGE('',*,*,#971,.F.);
#1227=ORIENTED_EDGE('',*,*,#972,.F.);
#1228=ORIENTED_EDGE('',*,*,#966,.F.);
#1229=ORIENTED_EDGE('',*,*,#978,.F.);
#1230=ORIENTED_EDGE('',*,*,#979,.T.);
#1231=ORIENTED_EDGE('',*,*,#980,.T.);
#1232=ORIENTED_EDGE('',*,*,#979,.F.);
#1233=ORIENTED_EDGE('',*,*,#980,.F.);
#1234=ORIENTED_EDGE('',*,*,#981,.T.);
#1235=ORIENTED_EDGE('',*,*,#982,.T.);
#1236=ORIENTED_EDGE('',*,*,#981,.F.);
#1237=ORIENTED_EDGE('',*,*,#982,.F.);
#1238=ORIENTED_EDGE('',*,*,#983,.F.);
#1239=ORIENTED_EDGE('',*,*,#984,.T.);
#1240=ORIENTED_EDGE('',*,*,#985,.T.);
#1241=ORIENTED_EDGE('',*,*,#984,.F.);
#1242=ORIENTED_EDGE('',*,*,#985,.F.);
#1243=ORIENTED_EDGE('',*,*,#986,.T.);
#1244=ORIENTED_EDGE('',*,*,#987,.T.);
#1245=ORIENTED_EDGE('',*,*,#986,.F.);
#1246=ORIENTED_EDGE('',*,*,#987,.F.);
#1247=ORIENTED_EDGE('',*,*,#988,.F.);
#1248=ORIENTED_EDGE('',*,*,#989,.T.);
#1249=ORIENTED_EDGE('',*,*,#990,.T.);
#1250=ORIENTED_EDGE('',*,*,#989,.F.);
#1251=ORIENTED_EDGE('',*,*,#990,.F.);
#1252=ORIENTED_EDGE('',*,*,#991,.T.);
#1253=ORIENTED_EDGE('',*,*,#992,.T.);
#1254=ORIENTED_EDGE('',*,*,#991,.F.);
#1255=ORIENTED_EDGE('',*,*,#992,.F.);
#1256=ORIENTED_EDGE('',*,*,#993,.F.);
#1257=ORIENTED_EDGE('',*,*,#994,.T.);
#1258=ORIENTED_EDGE('',*,*,#995,.T.);
#1259=ORIENTED_EDGE('',*,*,#994,.F.);
#1260=ORIENTED_EDGE('',*,*,#995,.F.);
#1261=ORIENTED_EDGE('',*,*,#996,.T.);
#1262=ORIENTED_EDGE('',*,*,#997,.T.);
#1263=ORIENTED_EDGE('',*,*,#996,.F.);
#1264=ORIENTED_EDGE('',*,*,#997,.F.);
#1265=ORIENTED_EDGE('',*,*,#998,.F.);
#1266=ORIENTED_EDGE('',*,*,#999,.T.);
#1267=ORIENTED_EDGE('',*,*,#1000,.F.);
#1268=ORIENTED_EDGE('',*,*,#1001,.F.);
#1269=ORIENTED_EDGE('',*,*,#1002,.F.);
#1270=ORIENTED_EDGE('',*,*,#1001,.T.);
#1271=ORIENTED_EDGE('',*,*,#1003,.F.);
#1272=ORIENTED_EDGE('',*,*,#1004,.F.);
#1273=ORIENTED_EDGE('',*,*,#1005,.F.);
#1274=ORIENTED_EDGE('',*,*,#999,.F.);
#1275=ORIENTED_EDGE('',*,*,#1006,.F.);
#1276=ORIENTED_EDGE('',*,*,#1007,.T.);
#1277=ORIENTED_EDGE('',*,*,#1008,.F.);
#1278=ORIENTED_EDGE('',*,*,#1009,.F.);
#1279=ORIENTED_EDGE('',*,*,#1010,.F.);
#1280=ORIENTED_EDGE('',*,*,#1011,.T.);
#1281=ORIENTED_EDGE('',*,*,#1012,.F.);
#1282=ORIENTED_EDGE('',*,*,#1007,.F.);
#1283=ORIENTED_EDGE('',*,*,#1013,.F.);
#1284=ORIENTED_EDGE('',*,*,#1011,.F.);
#1285=ORIENTED_EDGE('',*,*,#1014,.F.);
#1286=ORIENTED_EDGE('',*,*,#1015,.T.);
#1287=ORIENTED_EDGE('',*,*,#1016,.F.);
#1288=ORIENTED_EDGE('',*,*,#1015,.F.);
#1289=ORIENTED_EDGE('',*,*,#1017,.F.);
#1290=ORIENTED_EDGE('',*,*,#1018,.T.);
#1291=ORIENTED_EDGE('',*,*,#1019,.F.);
#1292=ORIENTED_EDGE('',*,*,#1018,.F.);
#1293=ORIENTED_EDGE('',*,*,#1020,.F.);
#1294=ORIENTED_EDGE('',*,*,#1021,.T.);
#1295=ORIENTED_EDGE('',*,*,#1022,.F.);
#1296=ORIENTED_EDGE('',*,*,#1021,.F.);
#1297=ORIENTED_EDGE('',*,*,#1023,.F.);
#1298=ORIENTED_EDGE('',*,*,#1024,.T.);
#1299=ORIENTED_EDGE('',*,*,#1025,.F.);
#1300=ORIENTED_EDGE('',*,*,#1024,.F.);
#1301=ORIENTED_EDGE('',*,*,#1026,.T.);
#1302=ORIENTED_EDGE('',*,*,#1027,.T.);
#1303=ORIENTED_EDGE('',*,*,#1028,.T.);
#1304=ORIENTED_EDGE('',*,*,#1029,.F.);
#1305=ORIENTED_EDGE('',*,*,#1030,.T.);
#1306=ORIENTED_EDGE('',*,*,#1031,.T.);
#1307=ORIENTED_EDGE('',*,*,#1032,.T.);
#1308=ORIENTED_EDGE('',*,*,#1027,.F.);
#1309=ORIENTED_EDGE('',*,*,#1033,.T.);
#1310=ORIENTED_EDGE('',*,*,#1034,.T.);
#1311=ORIENTED_EDGE('',*,*,#1035,.T.);
#1312=ORIENTED_EDGE('',*,*,#1031,.F.);
#1313=ORIENTED_EDGE('',*,*,#974,.T.);
#1314=ORIENTED_EDGE('',*,*,#1034,.F.);
#1315=ORIENTED_EDGE('',*,*,#1036,.T.);
#1316=ORIENTED_EDGE('',*,*,#1029,.T.);
#1317=ORIENTED_EDGE('',*,*,#1028,.F.);
#1318=ORIENTED_EDGE('',*,*,#1037,.T.);
#1319=ORIENTED_EDGE('',*,*,#1038,.F.);
#1320=ORIENTED_EDGE('',*,*,#975,.F.);
#1321=ORIENTED_EDGE('',*,*,#1039,.T.);
#1322=ORIENTED_EDGE('',*,*,#1040,.T.);
#1323=ORIENTED_EDGE('',*,*,#1041,.T.);
#1324=ORIENTED_EDGE('',*,*,#1042,.T.);
#1325=ORIENTED_EDGE('',*,*,#1043,.T.);
#1326=ORIENTED_EDGE('',*,*,#1044,.T.);
#1327=ORIENTED_EDGE('',*,*,#1045,.T.);
#1328=ORIENTED_EDGE('',*,*,#1046,.T.);
#1329=ORIENTED_EDGE('',*,*,#1047,.T.);
#1330=ORIENTED_EDGE('',*,*,#1048,.T.);
#1331=ORIENTED_EDGE('',*,*,#1049,.T.);
#1332=ORIENTED_EDGE('',*,*,#1050,.T.);
#1333=ORIENTED_EDGE('',*,*,#1051,.T.);
#1334=ORIENTED_EDGE('',*,*,#1052,.T.);
#1335=ORIENTED_EDGE('',*,*,#1053,.T.);
#1336=ORIENTED_EDGE('',*,*,#1054,.T.);
#1337=ORIENTED_EDGE('',*,*,#1055,.T.);
#1338=ORIENTED_EDGE('',*,*,#1056,.T.);
#1339=ORIENTED_EDGE('',*,*,#1057,.T.);
#1340=ORIENTED_EDGE('',*,*,#1058,.T.);
#1341=ORIENTED_EDGE('',*,*,#1059,.T.);
#1342=ORIENTED_EDGE('',*,*,#1060,.T.);
#1343=ORIENTED_EDGE('',*,*,#1061,.T.);
#1344=ORIENTED_EDGE('',*,*,#1062,.T.);
#1345=ORIENTED_EDGE('',*,*,#1063,.T.);
#1346=ORIENTED_EDGE('',*,*,#1064,.T.);
#1347=ORIENTED_EDGE('',*,*,#1065,.T.);
#1348=ORIENTED_EDGE('',*,*,#1066,.T.);
#1349=ORIENTED_EDGE('',*,*,#1067,.T.);
#1350=ORIENTED_EDGE('',*,*,#1068,.T.);
#1351=ORIENTED_EDGE('',*,*,#1069,.T.);
#1352=ORIENTED_EDGE('',*,*,#1070,.T.);
#1353=ORIENTED_EDGE('',*,*,#1071,.T.);
#1354=ORIENTED_EDGE('',*,*,#1072,.T.);
#1355=ORIENTED_EDGE('',*,*,#1073,.T.);
#1356=ORIENTED_EDGE('',*,*,#1074,.T.);
#1357=ORIENTED_EDGE('',*,*,#1075,.T.);
#1358=ORIENTED_EDGE('',*,*,#1076,.T.);
#1359=ORIENTED_EDGE('',*,*,#1077,.T.);
#1360=ORIENTED_EDGE('',*,*,#1078,.T.);
#1361=ORIENTED_EDGE('',*,*,#1079,.T.);
#1362=ORIENTED_EDGE('',*,*,#1080,.T.);
#1363=ORIENTED_EDGE('',*,*,#1081,.T.);
#1364=ORIENTED_EDGE('',*,*,#1082,.T.);
#1365=ORIENTED_EDGE('',*,*,#1083,.T.);
#1366=ORIENTED_EDGE('',*,*,#1014,.T.);
#1367=ORIENTED_EDGE('',*,*,#1017,.T.);
#1368=ORIENTED_EDGE('',*,*,#1020,.T.);
#1369=ORIENTED_EDGE('',*,*,#1023,.T.);
#1370=ORIENTED_EDGE('',*,*,#1084,.F.);
#1371=ORIENTED_EDGE('',*,*,#1085,.T.);
#1372=ORIENTED_EDGE('',*,*,#1086,.F.);
#1373=ORIENTED_EDGE('',*,*,#1085,.F.);
#1374=ORIENTED_EDGE('',*,*,#1087,.F.);
#1375=ORIENTED_EDGE('',*,*,#1088,.T.);
#1376=ORIENTED_EDGE('',*,*,#1089,.F.);
#1377=ORIENTED_EDGE('',*,*,#1088,.F.);
#1378=ORIENTED_EDGE('',*,*,#1090,.F.);
#1379=ORIENTED_EDGE('',*,*,#1091,.F.);
#1380=ORIENTED_EDGE('',*,*,#1092,.F.);
#1381=ORIENTED_EDGE('',*,*,#1093,.T.);
#1382=ORIENTED_EDGE('',*,*,#1094,.F.);
#1383=ORIENTED_EDGE('',*,*,#1093,.F.);
#1384=ORIENTED_EDGE('',*,*,#1095,.F.);
#1385=ORIENTED_EDGE('',*,*,#1096,.T.);
#1386=ORIENTED_EDGE('',*,*,#1097,.F.);
#1387=ORIENTED_EDGE('',*,*,#1096,.F.);
#1388=ORIENTED_EDGE('',*,*,#1098,.F.);
#1389=ORIENTED_EDGE('',*,*,#1099,.T.);
#1390=ORIENTED_EDGE('',*,*,#1100,.F.);
#1391=ORIENTED_EDGE('',*,*,#1099,.F.);
#1392=ORIENTED_EDGE('',*,*,#1101,.F.);
#1393=ORIENTED_EDGE('',*,*,#1091,.T.);
#1394=ORIENTED_EDGE('',*,*,#1006,.T.);
#1395=ORIENTED_EDGE('',*,*,#1102,.F.);
#1396=ORIENTED_EDGE('',*,*,#1103,.T.);
#1397=ORIENTED_EDGE('',*,*,#1033,.F.);
#1398=ORIENTED_EDGE('',*,*,#1104,.T.);
#1399=ORIENTED_EDGE('',*,*,#1105,.F.);
#1400=ORIENTED_EDGE('',*,*,#1008,.T.);
#1401=ORIENTED_EDGE('',*,*,#1012,.T.);
#1402=ORIENTED_EDGE('',*,*,#1013,.T.);
#1403=ORIENTED_EDGE('',*,*,#1010,.T.);
#1404=ORIENTED_EDGE('',*,*,#1106,.T.);
#1405=ORIENTED_EDGE('',*,*,#1107,.F.);
#1406=ORIENTED_EDGE('',*,*,#1104,.F.);
#1407=ORIENTED_EDGE('',*,*,#1030,.F.);
#1408=ORIENTED_EDGE('',*,*,#1086,.T.);
#1409=ORIENTED_EDGE('',*,*,#1089,.T.);
#1410=ORIENTED_EDGE('',*,*,#1097,.T.);
#1411=ORIENTED_EDGE('',*,*,#1100,.T.);
#1412=ORIENTED_EDGE('',*,*,#1090,.T.);
#1413=ORIENTED_EDGE('',*,*,#1094,.T.);
#1414=ORIENTED_EDGE('',*,*,#1002,.T.);
#1415=ORIENTED_EDGE('',*,*,#1108,.F.);
#1416=ORIENTED_EDGE('',*,*,#1106,.F.);
#1417=ORIENTED_EDGE('',*,*,#1026,.F.);
#1418=ORIENTED_EDGE('',*,*,#1109,.T.);
#1419=ORIENTED_EDGE('',*,*,#1110,.F.);
#1420=ORIENTED_EDGE('',*,*,#1003,.T.);
#1421=ORIENTED_EDGE('',*,*,#1000,.T.);
#1422=ORIENTED_EDGE('',*,*,#1005,.T.);
#1423=ORIENTED_EDGE('',*,*,#998,.T.);
#1424=ORIENTED_EDGE('',*,*,#1025,.T.);
#1425=ORIENTED_EDGE('',*,*,#1022,.T.);
#1426=ORIENTED_EDGE('',*,*,#1019,.T.);
#1427=ORIENTED_EDGE('',*,*,#1016,.T.);
#1428=ORIENTED_EDGE('',*,*,#1111,.T.);
#1429=ORIENTED_EDGE('',*,*,#1112,.T.);
#1430=ORIENTED_EDGE('',*,*,#1113,.T.);
#1431=ORIENTED_EDGE('',*,*,#1114,.T.);
#1432=ORIENTED_EDGE('',*,*,#1115,.T.);
#1433=ORIENTED_EDGE('',*,*,#1116,.T.);
#1434=ORIENTED_EDGE('',*,*,#1117,.T.);
#1435=ORIENTED_EDGE('',*,*,#1118,.T.);
#1436=ORIENTED_EDGE('',*,*,#1119,.T.);
#1437=ORIENTED_EDGE('',*,*,#1120,.T.);
#1438=ORIENTED_EDGE('',*,*,#1121,.T.);
#1439=ORIENTED_EDGE('',*,*,#1122,.T.);
#1440=ORIENTED_EDGE('',*,*,#1123,.T.);
#1441=ORIENTED_EDGE('',*,*,#1124,.T.);
#1442=ORIENTED_EDGE('',*,*,#1125,.T.);
#1443=ORIENTED_EDGE('',*,*,#1126,.T.);
#1444=ORIENTED_EDGE('',*,*,#1127,.T.);
#1445=ORIENTED_EDGE('',*,*,#1128,.T.);
#1446=ORIENTED_EDGE('',*,*,#1129,.T.);
#1447=ORIENTED_EDGE('',*,*,#1130,.T.);
#1448=ORIENTED_EDGE('',*,*,#1131,.T.);
#1449=ORIENTED_EDGE('',*,*,#1132,.T.);
#1450=ORIENTED_EDGE('',*,*,#1133,.T.);
#1451=ORIENTED_EDGE('',*,*,#1134,.T.);
#1452=ORIENTED_EDGE('',*,*,#1135,.T.);
#1453=ORIENTED_EDGE('',*,*,#1136,.T.);
#1454=ORIENTED_EDGE('',*,*,#1137,.T.);
#1455=ORIENTED_EDGE('',*,*,#1138,.T.);
#1456=ORIENTED_EDGE('',*,*,#1139,.T.);
#1457=ORIENTED_EDGE('',*,*,#1140,.T.);
#1458=ORIENTED_EDGE('',*,*,#1141,.T.);
#1459=ORIENTED_EDGE('',*,*,#1142,.T.);
#1460=ORIENTED_EDGE('',*,*,#1143,.T.);
#1461=ORIENTED_EDGE('',*,*,#1144,.T.);
#1462=ORIENTED_EDGE('',*,*,#1145,.T.);
#1463=ORIENTED_EDGE('',*,*,#1146,.T.);
#1464=ORIENTED_EDGE('',*,*,#1147,.T.);
#1465=ORIENTED_EDGE('',*,*,#1148,.T.);
#1466=ORIENTED_EDGE('',*,*,#1149,.T.);
#1467=ORIENTED_EDGE('',*,*,#1150,.T.);
#1468=ORIENTED_EDGE('',*,*,#1151,.T.);
#1469=ORIENTED_EDGE('',*,*,#1152,.T.);
#1470=ORIENTED_EDGE('',*,*,#1153,.T.);
#1471=ORIENTED_EDGE('',*,*,#1154,.T.);
#1472=ORIENTED_EDGE('',*,*,#1155,.T.);
#1473=ORIENTED_EDGE('',*,*,#1103,.F.);
#1474=ORIENTED_EDGE('',*,*,#1156,.F.);
#1475=ORIENTED_EDGE('',*,*,#1109,.F.);
#1476=ORIENTED_EDGE('',*,*,#1036,.F.);
#1477=ORIENTED_EDGE('',*,*,#969,.T.);
#1478=ORIENTED_EDGE('',*,*,#964,.T.);
#1479=ORIENTED_EDGE('',*,*,#968,.T.);
#1480=ORIENTED_EDGE('',*,*,#973,.T.);
#1481=ORIENTED_EDGE('',*,*,#1035,.F.);
#1482=ORIENTED_EDGE('',*,*,#977,.F.);
#1483=ORIENTED_EDGE('',*,*,#1157,.F.);
#1484=ORIENTED_EDGE('',*,*,#1158,.F.);
#1485=ORIENTED_EDGE('',*,*,#1032,.F.);
#1486=ORIENTED_EDGE('',*,*,#1158,.T.);
#1487=ORIENTED_EDGE('',*,*,#1159,.F.);
#1488=ORIENTED_EDGE('',*,*,#1037,.F.);
#1489=ORIENTED_EDGE('',*,*,#1084,.T.);
#1490=ORIENTED_EDGE('',*,*,#1087,.T.);
#1491=ORIENTED_EDGE('',*,*,#1095,.T.);
#1492=ORIENTED_EDGE('',*,*,#1092,.T.);
#1493=ORIENTED_EDGE('',*,*,#1101,.T.);
#1494=ORIENTED_EDGE('',*,*,#1098,.T.);
#1495=ORIENTED_EDGE('',*,*,#976,.T.);
#1496=ORIENTED_EDGE('',*,*,#1038,.T.);
#1497=ORIENTED_EDGE('',*,*,#1159,.T.);
#1498=ORIENTED_EDGE('',*,*,#1157,.T.);
#1499=ORIENTED_EDGE('',*,*,#1004,.T.);
#1500=ORIENTED_EDGE('',*,*,#1110,.T.);
#1501=ORIENTED_EDGE('',*,*,#1156,.T.);
#1502=ORIENTED_EDGE('',*,*,#1102,.T.);
#1503=ORIENTED_EDGE('',*,*,#1009,.T.);
#1504=ORIENTED_EDGE('',*,*,#1105,.T.);
#1505=ORIENTED_EDGE('',*,*,#1107,.T.);
#1506=ORIENTED_EDGE('',*,*,#1108,.T.);
#1507=ORIENTED_EDGE('',*,*,#993,.T.);
#1508=ORIENTED_EDGE('',*,*,#988,.T.);
#1509=ORIENTED_EDGE('',*,*,#983,.T.);
#1510=ORIENTED_EDGE('',*,*,#978,.T.);
#1511=ORIENTED_EDGE('',*,*,#1083,.F.);
#1512=ORIENTED_EDGE('',*,*,#1160,.T.);
#1513=ORIENTED_EDGE('',*,*,#1111,.F.);
#1514=ORIENTED_EDGE('',*,*,#1160,.F.);
#1515=ORIENTED_EDGE('',*,*,#1082,.F.);
#1516=ORIENTED_EDGE('',*,*,#1161,.T.);
#1517=ORIENTED_EDGE('',*,*,#1112,.F.);
#1518=ORIENTED_EDGE('',*,*,#1161,.F.);
#1519=ORIENTED_EDGE('',*,*,#1081,.F.);
#1520=ORIENTED_EDGE('',*,*,#1162,.T.);
#1521=ORIENTED_EDGE('',*,*,#1113,.F.);
#1522=ORIENTED_EDGE('',*,*,#1162,.F.);
#1523=ORIENTED_EDGE('',*,*,#1080,.F.);
#1524=ORIENTED_EDGE('',*,*,#1163,.T.);
#1525=ORIENTED_EDGE('',*,*,#1114,.F.);
#1526=ORIENTED_EDGE('',*,*,#1163,.F.);
#1527=ORIENTED_EDGE('',*,*,#1079,.F.);
#1528=ORIENTED_EDGE('',*,*,#1164,.T.);
#1529=ORIENTED_EDGE('',*,*,#1115,.F.);
#1530=ORIENTED_EDGE('',*,*,#1164,.F.);
#1531=ORIENTED_EDGE('',*,*,#1078,.F.);
#1532=ORIENTED_EDGE('',*,*,#1165,.T.);
#1533=ORIENTED_EDGE('',*,*,#1116,.F.);
#1534=ORIENTED_EDGE('',*,*,#1165,.F.);
#1535=ORIENTED_EDGE('',*,*,#1077,.F.);
#1536=ORIENTED_EDGE('',*,*,#1166,.T.);
#1537=ORIENTED_EDGE('',*,*,#1117,.F.);
#1538=ORIENTED_EDGE('',*,*,#1166,.F.);
#1539=ORIENTED_EDGE('',*,*,#1076,.F.);
#1540=ORIENTED_EDGE('',*,*,#1167,.T.);
#1541=ORIENTED_EDGE('',*,*,#1118,.F.);
#1542=ORIENTED_EDGE('',*,*,#1167,.F.);
#1543=ORIENTED_EDGE('',*,*,#1075,.F.);
#1544=ORIENTED_EDGE('',*,*,#1168,.T.);
#1545=ORIENTED_EDGE('',*,*,#1119,.F.);
#1546=ORIENTED_EDGE('',*,*,#1168,.F.);
#1547=ORIENTED_EDGE('',*,*,#1074,.F.);
#1548=ORIENTED_EDGE('',*,*,#1169,.T.);
#1549=ORIENTED_EDGE('',*,*,#1120,.F.);
#1550=ORIENTED_EDGE('',*,*,#1169,.F.);
#1551=ORIENTED_EDGE('',*,*,#1073,.F.);
#1552=ORIENTED_EDGE('',*,*,#1170,.T.);
#1553=ORIENTED_EDGE('',*,*,#1121,.F.);
#1554=ORIENTED_EDGE('',*,*,#1170,.F.);
#1555=ORIENTED_EDGE('',*,*,#1072,.F.);
#1556=ORIENTED_EDGE('',*,*,#1171,.T.);
#1557=ORIENTED_EDGE('',*,*,#1122,.F.);
#1558=ORIENTED_EDGE('',*,*,#1171,.F.);
#1559=ORIENTED_EDGE('',*,*,#1071,.F.);
#1560=ORIENTED_EDGE('',*,*,#1172,.T.);
#1561=ORIENTED_EDGE('',*,*,#1123,.F.);
#1562=ORIENTED_EDGE('',*,*,#1172,.F.);
#1563=ORIENTED_EDGE('',*,*,#1070,.F.);
#1564=ORIENTED_EDGE('',*,*,#1173,.T.);
#1565=ORIENTED_EDGE('',*,*,#1124,.F.);
#1566=ORIENTED_EDGE('',*,*,#1173,.F.);
#1567=ORIENTED_EDGE('',*,*,#1069,.F.);
#1568=ORIENTED_EDGE('',*,*,#1174,.T.);
#1569=ORIENTED_EDGE('',*,*,#1125,.F.);
#1570=ORIENTED_EDGE('',*,*,#1174,.F.);
#1571=ORIENTED_EDGE('',*,*,#1068,.F.);
#1572=ORIENTED_EDGE('',*,*,#1175,.T.);
#1573=ORIENTED_EDGE('',*,*,#1126,.F.);
#1574=ORIENTED_EDGE('',*,*,#1175,.F.);
#1575=ORIENTED_EDGE('',*,*,#1067,.F.);
#1576=ORIENTED_EDGE('',*,*,#1176,.T.);
#1577=ORIENTED_EDGE('',*,*,#1127,.F.);
#1578=ORIENTED_EDGE('',*,*,#1176,.F.);
#1579=ORIENTED_EDGE('',*,*,#1066,.F.);
#1580=ORIENTED_EDGE('',*,*,#1177,.T.);
#1581=ORIENTED_EDGE('',*,*,#1128,.F.);
#1582=ORIENTED_EDGE('',*,*,#1177,.F.);
#1583=ORIENTED_EDGE('',*,*,#1065,.F.);
#1584=ORIENTED_EDGE('',*,*,#1178,.T.);
#1585=ORIENTED_EDGE('',*,*,#1129,.F.);
#1586=ORIENTED_EDGE('',*,*,#1178,.F.);
#1587=ORIENTED_EDGE('',*,*,#1064,.F.);
#1588=ORIENTED_EDGE('',*,*,#1179,.T.);
#1589=ORIENTED_EDGE('',*,*,#1130,.F.);
#1590=ORIENTED_EDGE('',*,*,#1179,.F.);
#1591=ORIENTED_EDGE('',*,*,#1063,.F.);
#1592=ORIENTED_EDGE('',*,*,#1180,.T.);
#1593=ORIENTED_EDGE('',*,*,#1131,.F.);
#1594=ORIENTED_EDGE('',*,*,#1180,.F.);
#1595=ORIENTED_EDGE('',*,*,#1062,.F.);
#1596=ORIENTED_EDGE('',*,*,#1181,.T.);
#1597=ORIENTED_EDGE('',*,*,#1132,.F.);
#1598=ORIENTED_EDGE('',*,*,#1181,.F.);
#1599=ORIENTED_EDGE('',*,*,#1061,.F.);
#1600=ORIENTED_EDGE('',*,*,#1182,.T.);
#1601=ORIENTED_EDGE('',*,*,#1133,.F.);
#1602=ORIENTED_EDGE('',*,*,#1182,.F.);
#1603=ORIENTED_EDGE('',*,*,#1060,.F.);
#1604=ORIENTED_EDGE('',*,*,#1183,.T.);
#1605=ORIENTED_EDGE('',*,*,#1134,.F.);
#1606=ORIENTED_EDGE('',*,*,#1183,.F.);
#1607=ORIENTED_EDGE('',*,*,#1059,.F.);
#1608=ORIENTED_EDGE('',*,*,#1184,.T.);
#1609=ORIENTED_EDGE('',*,*,#1135,.F.);
#1610=ORIENTED_EDGE('',*,*,#1184,.F.);
#1611=ORIENTED_EDGE('',*,*,#1058,.F.);
#1612=ORIENTED_EDGE('',*,*,#1185,.T.);
#1613=ORIENTED_EDGE('',*,*,#1136,.F.);
#1614=ORIENTED_EDGE('',*,*,#1185,.F.);
#1615=ORIENTED_EDGE('',*,*,#1057,.F.);
#1616=ORIENTED_EDGE('',*,*,#1186,.T.);
#1617=ORIENTED_EDGE('',*,*,#1137,.F.);
#1618=ORIENTED_EDGE('',*,*,#1186,.F.);
#1619=ORIENTED_EDGE('',*,*,#1056,.F.);
#1620=ORIENTED_EDGE('',*,*,#1187,.T.);
#1621=ORIENTED_EDGE('',*,*,#1138,.F.);
#1622=ORIENTED_EDGE('',*,*,#1187,.F.);
#1623=ORIENTED_EDGE('',*,*,#1055,.F.);
#1624=ORIENTED_EDGE('',*,*,#1188,.T.);
#1625=ORIENTED_EDGE('',*,*,#1139,.F.);
#1626=ORIENTED_EDGE('',*,*,#1188,.F.);
#1627=ORIENTED_EDGE('',*,*,#1054,.F.);
#1628=ORIENTED_EDGE('',*,*,#1189,.T.);
#1629=ORIENTED_EDGE('',*,*,#1140,.F.);
#1630=ORIENTED_EDGE('',*,*,#1189,.F.);
#1631=ORIENTED_EDGE('',*,*,#1053,.F.);
#1632=ORIENTED_EDGE('',*,*,#1190,.T.);
#1633=ORIENTED_EDGE('',*,*,#1141,.F.);
#1634=ORIENTED_EDGE('',*,*,#1190,.F.);
#1635=ORIENTED_EDGE('',*,*,#1052,.F.);
#1636=ORIENTED_EDGE('',*,*,#1191,.T.);
#1637=ORIENTED_EDGE('',*,*,#1142,.F.);
#1638=ORIENTED_EDGE('',*,*,#1191,.F.);
#1639=ORIENTED_EDGE('',*,*,#1051,.F.);
#1640=ORIENTED_EDGE('',*,*,#1192,.T.);
#1641=ORIENTED_EDGE('',*,*,#1143,.F.);
#1642=ORIENTED_EDGE('',*,*,#1192,.F.);
#1643=ORIENTED_EDGE('',*,*,#1050,.F.);
#1644=ORIENTED_EDGE('',*,*,#1193,.T.);
#1645=ORIENTED_EDGE('',*,*,#1144,.F.);
#1646=ORIENTED_EDGE('',*,*,#1193,.F.);
#1647=ORIENTED_EDGE('',*,*,#1049,.F.);
#1648=ORIENTED_EDGE('',*,*,#1194,.T.);
#1649=ORIENTED_EDGE('',*,*,#1145,.F.);
#1650=ORIENTED_EDGE('',*,*,#1194,.F.);
#1651=ORIENTED_EDGE('',*,*,#1048,.F.);
#1652=ORIENTED_EDGE('',*,*,#1195,.T.);
#1653=ORIENTED_EDGE('',*,*,#1146,.F.);
#1654=ORIENTED_EDGE('',*,*,#1195,.F.);
#1655=ORIENTED_EDGE('',*,*,#1047,.F.);
#1656=ORIENTED_EDGE('',*,*,#1196,.T.);
#1657=ORIENTED_EDGE('',*,*,#1147,.F.);
#1658=ORIENTED_EDGE('',*,*,#1196,.F.);
#1659=ORIENTED_EDGE('',*,*,#1046,.F.);
#1660=ORIENTED_EDGE('',*,*,#1197,.T.);
#1661=ORIENTED_EDGE('',*,*,#1148,.F.);
#1662=ORIENTED_EDGE('',*,*,#1197,.F.);
#1663=ORIENTED_EDGE('',*,*,#1045,.F.);
#1664=ORIENTED_EDGE('',*,*,#1198,.T.);
#1665=ORIENTED_EDGE('',*,*,#1149,.F.);
#1666=ORIENTED_EDGE('',*,*,#1198,.F.);
#1667=ORIENTED_EDGE('',*,*,#1044,.F.);
#1668=ORIENTED_EDGE('',*,*,#1199,.T.);
#1669=ORIENTED_EDGE('',*,*,#1150,.F.);
#1670=ORIENTED_EDGE('',*,*,#1199,.F.);
#1671=ORIENTED_EDGE('',*,*,#1043,.F.);
#1672=ORIENTED_EDGE('',*,*,#1200,.T.);
#1673=ORIENTED_EDGE('',*,*,#1151,.F.);
#1674=ORIENTED_EDGE('',*,*,#1200,.F.);
#1675=ORIENTED_EDGE('',*,*,#1042,.F.);
#1676=ORIENTED_EDGE('',*,*,#1201,.T.);
#1677=ORIENTED_EDGE('',*,*,#1152,.F.);
#1678=ORIENTED_EDGE('',*,*,#1201,.F.);
#1679=ORIENTED_EDGE('',*,*,#1041,.F.);
#1680=ORIENTED_EDGE('',*,*,#1202,.T.);
#1681=ORIENTED_EDGE('',*,*,#1153,.F.);
#1682=ORIENTED_EDGE('',*,*,#1202,.F.);
#1683=ORIENTED_EDGE('',*,*,#1040,.F.);
#1684=ORIENTED_EDGE('',*,*,#1203,.T.);
#1685=ORIENTED_EDGE('',*,*,#1154,.F.);
#1686=ORIENTED_EDGE('',*,*,#1203,.F.);
#1687=ORIENTED_EDGE('',*,*,#1039,.F.);
#1688=ORIENTED_EDGE('',*,*,#1204,.T.);
#1689=ORIENTED_EDGE('',*,*,#1155,.F.);
#1690=ORIENTED_EDGE('',*,*,#1204,.F.);
#1691=CYLINDRICAL_SURFACE('',#1856,1.);
#1692=CYLINDRICAL_SURFACE('',#1859,1.);
#1693=CYLINDRICAL_SURFACE('',#1861,1.);
#1694=CYLINDRICAL_SURFACE('',#1863,1.);
#1695=CYLINDRICAL_SURFACE('',#1868,0.45);
#1696=CYLINDRICAL_SURFACE('',#1874,0.45);
#1697=CYLINDRICAL_SURFACE('',#1880,0.45);
#1698=CYLINDRICAL_SURFACE('',#1886,0.45);
#1699=CYLINDRICAL_SURFACE('',#1889,0.45);
#1700=CYLINDRICAL_SURFACE('',#1898,0.45);
#1701=CYLINDRICAL_SURFACE('',#1901,0.249999999999999);
#1702=CYLINDRICAL_SURFACE('',#1904,0.25);
#1703=CYLINDRICAL_SURFACE('',#1907,0.249999999999999);
#1704=CYLINDRICAL_SURFACE('',#1910,0.25);
#1705=CYLINDRICAL_SURFACE('',#1963,1.25);
#1706=CYLINDRICAL_SURFACE('',#1966,1.25);
#1707=CYLINDRICAL_SURFACE('',#2025,0.249999999999999);
#1708=CYLINDRICAL_SURFACE('',#2026,0.249999999999999);
#1709=CYLINDRICAL_SURFACE('',#2027,0.249999999999999);
#1710=CYLINDRICAL_SURFACE('',#2028,0.249999999999999);
#1711=CYLINDRICAL_SURFACE('',#2029,0.249999999999999);
#1712=CYLINDRICAL_SURFACE('',#2030,0.249999999999999);
#1713=CYLINDRICAL_SURFACE('',#2031,0.249999999999999);
#1714=CYLINDRICAL_SURFACE('',#2032,0.25);
#1715=CYLINDRICAL_SURFACE('',#2033,0.25);
#1716=CYLINDRICAL_SURFACE('',#2034,0.25);
#1717=CYLINDRICAL_SURFACE('',#2035,0.25);
#1718=CYLINDRICAL_SURFACE('',#2036,0.25);
#1719=CYLINDRICAL_SURFACE('',#2037,0.25);
#1720=CYLINDRICAL_SURFACE('',#2038,0.25);
#1721=CYLINDRICAL_SURFACE('',#2039,0.25);
#1722=CYLINDRICAL_SURFACE('',#2040,0.25);
#1723=CYLINDRICAL_SURFACE('',#2041,0.25);
#1724=CYLINDRICAL_SURFACE('',#2042,0.25);
#1725=CYLINDRICAL_SURFACE('',#2043,0.25);
#1726=CYLINDRICAL_SURFACE('',#2044,0.25);
#1727=CYLINDRICAL_SURFACE('',#2045,0.25);
#1728=CYLINDRICAL_SURFACE('',#2046,0.25);
#1729=CYLINDRICAL_SURFACE('',#2047,0.25);
#1730=CYLINDRICAL_SURFACE('',#2048,0.25);
#1731=CYLINDRICAL_SURFACE('',#2049,0.25);
#1732=CYLINDRICAL_SURFACE('',#2050,0.25);
#1733=CYLINDRICAL_SURFACE('',#2051,0.25);
#1734=CYLINDRICAL_SURFACE('',#2052,0.25);
#1735=CYLINDRICAL_SURFACE('',#2053,0.25);
#1736=CYLINDRICAL_SURFACE('',#2054,0.25);
#1737=CYLINDRICAL_SURFACE('',#2055,0.25);
#1738=CYLINDRICAL_SURFACE('',#2056,0.25);
#1739=CYLINDRICAL_SURFACE('',#2057,0.25);
#1740=CYLINDRICAL_SURFACE('',#2058,0.25);
#1741=CYLINDRICAL_SURFACE('',#2059,0.25);
#1742=CYLINDRICAL_SURFACE('',#2060,0.25);
#1743=CYLINDRICAL_SURFACE('',#2061,0.25);
#1744=CYLINDRICAL_SURFACE('',#2062,0.25);
#1745=CYLINDRICAL_SURFACE('',#2063,0.25);
#1746=CYLINDRICAL_SURFACE('',#2064,0.25);
#1747=CYLINDRICAL_SURFACE('',#2065,0.25);
#1748=CYLINDRICAL_SURFACE('',#2066,0.25);
#1749=CYLINDRICAL_SURFACE('',#2067,0.25);
#1750=CYLINDRICAL_SURFACE('',#2068,0.25);
#1751=CYLINDRICAL_SURFACE('',#2069,0.25);
#1752=ADVANCED_FACE('',(#279),#1691,.T.);
#1753=ADVANCED_FACE('',(#280),#1692,.T.);
#1754=ADVANCED_FACE('',(#281),#1693,.T.);
#1755=ADVANCED_FACE('',(#282),#1694,.T.);
#1756=ADVANCED_FACE('',(#283,#145),#256,.T.);
#1757=ADVANCED_FACE('',(#284),#139,.F.);
#1758=ADVANCED_FACE('',(#285),#1695,.F.);
#1759=ADVANCED_FACE('',(#286),#257,.F.);
#1760=ADVANCED_FACE('',(#287),#140,.F.);
#1761=ADVANCED_FACE('',(#288),#1696,.F.);
#1762=ADVANCED_FACE('',(#289),#258,.F.);
#1763=ADVANCED_FACE('',(#290),#141,.F.);
#1764=ADVANCED_FACE('',(#291),#1697,.F.);
#1765=ADVANCED_FACE('',(#292),#259,.F.);
#1766=ADVANCED_FACE('',(#293),#142,.F.);
#1767=ADVANCED_FACE('',(#294),#1698,.F.);
#1768=ADVANCED_FACE('',(#295),#260,.F.);
#1769=ADVANCED_FACE('',(#296),#1699,.F.);
#1770=ADVANCED_FACE('',(#297),#143,.F.);
#1771=ADVANCED_FACE('',(#298),#261,.F.);
#1772=ADVANCED_FACE('',(#299),#144,.F.);
#1773=ADVANCED_FACE('',(#300),#1700,.F.);
#1774=ADVANCED_FACE('',(#301),#262,.F.);
#1775=ADVANCED_FACE('',(#302),#1701,.F.);
#1776=ADVANCED_FACE('',(#303),#1702,.F.);
#1777=ADVANCED_FACE('',(#304),#1703,.F.);
#1778=ADVANCED_FACE('',(#305),#1704,.F.);
#1779=ADVANCED_FACE('',(#306),#263,.T.);
#1780=ADVANCED_FACE('',(#307),#264,.T.);
#1781=ADVANCED_FACE('',(#308),#265,.T.);
#1782=ADVANCED_FACE('',(#309),#266,.T.);
#1783=ADVANCED_FACE('',(#310,#146,#147,#148,#149,#150,#151,#152,#153,#154,
#155,#156,#157,#158,#159,#160,#161,#162,#163,#164,#165,#166,#167,#168,#169,
#170,#171,#172,#173,#174,#175,#176,#177,#178,#179,#180,#181,#182,#183,#184,
#185,#186,#187,#188,#189,#190,#191,#192,#193,#194),#267,.T.);
#1784=ADVANCED_FACE('',(#311),#1705,.F.);
#1785=ADVANCED_FACE('',(#312),#1706,.F.);
#1786=ADVANCED_FACE('',(#313),#268,.F.);
#1787=ADVANCED_FACE('',(#314),#269,.F.);
#1788=ADVANCED_FACE('',(#315),#270,.F.);
#1789=ADVANCED_FACE('',(#316),#271,.F.);
#1790=ADVANCED_FACE('',(#317),#272,.F.);
#1791=ADVANCED_FACE('',(#318,#195,#196,#197),#273,.F.);
#1792=ADVANCED_FACE('',(#319,#198,#199,#200,#201,#202,#203,#204,#205,#206,
#207,#208,#209,#210,#211,#212,#213,#214,#215,#216,#217,#218,#219,#220,#221,
#222,#223,#224,#225,#226,#227,#228,#229,#230,#231,#232,#233,#234,#235,#236,
#237,#238,#239,#240,#241,#242,#243,#244,#245,#246),#274,.F.);
#1793=ADVANCED_FACE('',(#320,#247),#275,.F.);
#1794=ADVANCED_FACE('',(#321),#276,.T.);
#1795=ADVANCED_FACE('',(#322,#248,#249,#250),#277,.T.);
#1796=ADVANCED_FACE('',(#323,#251,#252,#253,#254,#255),#278,.T.);
#1797=ADVANCED_FACE('',(#324),#1707,.F.);
#1798=ADVANCED_FACE('',(#325),#1708,.F.);
#1799=ADVANCED_FACE('',(#326),#1709,.F.);
#1800=ADVANCED_FACE('',(#327),#1710,.F.);
#1801=ADVANCED_FACE('',(#328),#1711,.F.);
#1802=ADVANCED_FACE('',(#329),#1712,.F.);
#1803=ADVANCED_FACE('',(#330),#1713,.F.);
#1804=ADVANCED_FACE('',(#331),#1714,.F.);
#1805=ADVANCED_FACE('',(#332),#1715,.F.);
#1806=ADVANCED_FACE('',(#333),#1716,.F.);
#1807=ADVANCED_FACE('',(#334),#1717,.F.);
#1808=ADVANCED_FACE('',(#335),#1718,.F.);
#1809=ADVANCED_FACE('',(#336),#1719,.F.);
#1810=ADVANCED_FACE('',(#337),#1720,.F.);
#1811=ADVANCED_FACE('',(#338),#1721,.F.);
#1812=ADVANCED_FACE('',(#339),#1722,.F.);
#1813=ADVANCED_FACE('',(#340),#1723,.F.);
#1814=ADVANCED_FACE('',(#341),#1724,.F.);
#1815=ADVANCED_FACE('',(#342),#1725,.F.);
#1816=ADVANCED_FACE('',(#343),#1726,.F.);
#1817=ADVANCED_FACE('',(#344),#1727,.F.);
#1818=ADVANCED_FACE('',(#345),#1728,.F.);
#1819=ADVANCED_FACE('',(#346),#1729,.F.);
#1820=ADVANCED_FACE('',(#347),#1730,.F.);
#1821=ADVANCED_FACE('',(#348),#1731,.F.);
#1822=ADVANCED_FACE('',(#349),#1732,.F.);
#1823=ADVANCED_FACE('',(#350),#1733,.F.);
#1824=ADVANCED_FACE('',(#351),#1734,.F.);
#1825=ADVANCED_FACE('',(#352),#1735,.F.);
#1826=ADVANCED_FACE('',(#353),#1736,.F.);
#1827=ADVANCED_FACE('',(#354),#1737,.F.);
#1828=ADVANCED_FACE('',(#355),#1738,.F.);
#1829=ADVANCED_FACE('',(#356),#1739,.F.);
#1830=ADVANCED_FACE('',(#357),#1740,.F.);
#1831=ADVANCED_FACE('',(#358),#1741,.F.);
#1832=ADVANCED_FACE('',(#359),#1742,.F.);
#1833=ADVANCED_FACE('',(#360),#1743,.F.);
#1834=ADVANCED_FACE('',(#361),#1744,.F.);
#1835=ADVANCED_FACE('',(#362),#1745,.F.);
#1836=ADVANCED_FACE('',(#363),#1746,.F.);
#1837=ADVANCED_FACE('',(#364),#1747,.F.);
#1838=ADVANCED_FACE('',(#365),#1748,.F.);
#1839=ADVANCED_FACE('',(#366),#1749,.F.);
#1840=ADVANCED_FACE('',(#367),#1750,.F.);
#1841=ADVANCED_FACE('',(#368),#1751,.F.);
#1842=CLOSED_SHELL('',(#1752,#1753,#1754,#1755,#1756,#1757,#1758,#1759,
#1760,#1761,#1762,#1763,#1764,#1765,#1766,#1767,#1768,#1769,#1770,#1771,
#1772,#1773,#1774,#1775,#1776,#1777,#1778,#1779,#1780,#1781,#1782,#1783,
#1784,#1785,#1786,#1787,#1788,#1789,#1790,#1791,#1792,#1793,#1794,#1795,
#1796,#1797,#1798,#1799,#1800,#1801,#1802,#1803,#1804,#1805,#1806,#1807,
#1808,#1809,#1810,#1811,#1812,#1813,#1814,#1815,#1816,#1817,#1818,#1819,
#1820,#1821,#1822,#1823,#1824,#1825,#1826,#1827,#1828,#1829,#1830,#1831,
#1832,#1833,#1834,#1835,#1836,#1837,#1838,#1839,#1840,#1841));
#1843=DERIVED_UNIT_ELEMENT(#1845,1.);
#1844=DERIVED_UNIT_ELEMENT(#3120,-3.);
#1845=(
MASS_UNIT()
NAMED_UNIT(*)
SI_UNIT(.KILO.,.GRAM.)
);
#1846=DERIVED_UNIT((#1843,#1844));
#1847=MEASURE_REPRESENTATION_ITEM('density measure',
POSITIVE_RATIO_MEASURE(7850.),#1846);
#1848=PROPERTY_DEFINITION_REPRESENTATION(#1853,#1850);
#1849=PROPERTY_DEFINITION_REPRESENTATION(#1854,#1851);
#1850=REPRESENTATION('material name',(#1852),#3117);
#1851=REPRESENTATION('density',(#1847),#3117);
#1852=DESCRIPTIVE_REPRESENTATION_ITEM('Steel','Steel');
#1853=PROPERTY_DEFINITION('material property','material name',#3127);
#1854=PROPERTY_DEFINITION('material property','density of part',#3127);
#1855=AXIS2_PLACEMENT_3D('',#2615,#2070,#2071);
#1856=AXIS2_PLACEMENT_3D('',#2616,#2072,#2073);
#1857=AXIS2_PLACEMENT_3D('',#2621,#2075,#2076);
#1858=AXIS2_PLACEMENT_3D('',#2624,#2078,#2079);
#1859=AXIS2_PLACEMENT_3D('',#2625,#2080,#2081);
#1860=AXIS2_PLACEMENT_3D('',#2629,#2083,#2084);
#1861=AXIS2_PLACEMENT_3D('',#2631,#2086,#2087);
#1862=AXIS2_PLACEMENT_3D('',#2635,#2089,#2090);
#1863=AXIS2_PLACEMENT_3D('',#2637,#2092,#2093);
#1864=AXIS2_PLACEMENT_3D('',#2640,#2096,#2097);
#1865=AXIS2_PLACEMENT_3D('',#2649,#2102,#2103);
#1866=AXIS2_PLACEMENT_3D('',#2651,#2104,#2105);
#1867=AXIS2_PLACEMENT_3D('',#2654,#2107,#2108);
#1868=AXIS2_PLACEMENT_3D('',#2655,#2109,#2110);
#1869=AXIS2_PLACEMENT_3D('',#2658,#2112,#2113);
#1870=AXIS2_PLACEMENT_3D('',#2659,#2114,#2115);
#1871=AXIS2_PLACEMENT_3D('',#2660,#2116,#2117);
#1872=AXIS2_PLACEMENT_3D('',#2662,#2118,#2119);
#1873=AXIS2_PLACEMENT_3D('',#2665,#2121,#2122);
#1874=AXIS2_PLACEMENT_3D('',#2666,#2123,#2124);
#1875=AXIS2_PLACEMENT_3D('',#2669,#2126,#2127);
#1876=AXIS2_PLACEMENT_3D('',#2670,#2128,#2129);
#1877=AXIS2_PLACEMENT_3D('',#2671,#2130,#2131);
#1878=AXIS2_PLACEMENT_3D('',#2673,#2132,#2133);
#1879=AXIS2_PLACEMENT_3D('',#2676,#2135,#2136);
#1880=AXIS2_PLACEMENT_3D('',#2677,#2137,#2138);
#1881=AXIS2_PLACEMENT_3D('',#2680,#2140,#2141);
#1882=AXIS2_PLACEMENT_3D('',#2681,#2142,#2143);
#1883=AXIS2_PLACEMENT_3D('',#2682,#2144,#2145);
#1884=AXIS2_PLACEMENT_3D('',#2684,#2146,#2147);
#1885=AXIS2_PLACEMENT_3D('',#2687,#2149,#2150);
#1886=AXIS2_PLACEMENT_3D('',#2688,#2151,#2152);
#1887=AXIS2_PLACEMENT_3D('',#2691,#2154,#2155);
#1888=AXIS2_PLACEMENT_3D('',#2692,#2156,#2157);
#1889=AXIS2_PLACEMENT_3D('',#2693,#2158,#2159);
#1890=AXIS2_PLACEMENT_3D('',#2698,#2161,#2162);
#1891=AXIS2_PLACEMENT_3D('',#2701,#2164,#2165);
#1892=AXIS2_PLACEMENT_3D('',#2702,#2166,#2167);
#1893=AXIS2_PLACEMENT_3D('',#2711,#2168,#2169);
#1894=AXIS2_PLACEMENT_3D('',#2712,#2170,#2171);
#1895=AXIS2_PLACEMENT_3D('',#2714,#2173,#2174);
#1896=AXIS2_PLACEMENT_3D('',#2721,#2175,#2176);
#1897=AXIS2_PLACEMENT_3D('',#2726,#2177,#2178);
#1898=AXIS2_PLACEMENT_3D('',#2727,#2179,#2180);
#1899=AXIS2_PLACEMENT_3D('',#2731,#2182,#2183);
#1900=AXIS2_PLACEMENT_3D('',#2733,#2185,#2186);
#1901=AXIS2_PLACEMENT_3D('',#2735,#2188,#2189);
#1902=AXIS2_PLACEMENT_3D('',#2737,#2190,#2191);
#1903=AXIS2_PLACEMENT_3D('',#2740,#2193,#2194);
#1904=AXIS2_PLACEMENT_3D('',#2741,#2195,#2196);
#1905=AXIS2_PLACEMENT_3D('',#2743,#2197,#2198);
#1906=AXIS2_PLACEMENT_3D('',#2746,#2200,#2201);
#1907=AXIS2_PLACEMENT_3D('',#2747,#2202,#2203);
#1908=AXIS2_PLACEMENT_3D('',#2749,#2204,#2205);
#1909=AXIS2_PLACEMENT_3D('',#2752,#2207,#2208);
#1910=AXIS2_PLACEMENT_3D('',#2753,#2209,#2210);
#1911=AXIS2_PLACEMENT_3D('',#2755,#2211,#2212);
#1912=AXIS2_PLACEMENT_3D('',#2758,#2214,#2215);
#1913=AXIS2_PLACEMENT_3D('',#2759,#2216,#2217);
#1914=AXIS2_PLACEMENT_3D('',#2767,#2222,#2223);
#1915=AXIS2_PLACEMENT_3D('',#2773,#2227,#2228);
#1916=AXIS2_PLACEMENT_3D('',#2778,#2232,#2233);
#1917=AXIS2_PLACEMENT_3D('',#2780,#2235,#2236);
#1918=AXIS2_PLACEMENT_3D('',#2785,#2239,#2240);
#1919=AXIS2_PLACEMENT_3D('',#2787,#2241,#2242);
#1920=AXIS2_PLACEMENT_3D('',#2789,#2243,#2244);
#1921=AXIS2_PLACEMENT_3D('',#2791,#2245,#2246);
#1922=AXIS2_PLACEMENT_3D('',#2793,#2247,#2248);
#1923=AXIS2_PLACEMENT_3D('',#2795,#2249,#2250);
#1924=AXIS2_PLACEMENT_3D('',#2797,#2251,#2252);
#1925=AXIS2_PLACEMENT_3D('',#2799,#2253,#2254);
#1926=AXIS2_PLACEMENT_3D('',#2801,#2255,#2256);
#1927=AXIS2_PLACEMENT_3D('',#2803,#2257,#2258);
#1928=AXIS2_PLACEMENT_3D('',#2805,#2259,#2260);
#1929=AXIS2_PLACEMENT_3D('',#2807,#2261,#2262);
#1930=AXIS2_PLACEMENT_3D('',#2809,#2263,#2264);
#1931=AXIS2_PLACEMENT_3D('',#2811,#2265,#2266);
#1932=AXIS2_PLACEMENT_3D('',#2813,#2267,#2268);
#1933=AXIS2_PLACEMENT_3D('',#2815,#2269,#2270);
#1934=AXIS2_PLACEMENT_3D('',#2817,#2271,#2272);
#1935=AXIS2_PLACEMENT_3D('',#2819,#2273,#2274);
#1936=AXIS2_PLACEMENT_3D('',#2821,#2275,#2276);
#1937=AXIS2_PLACEMENT_3D('',#2823,#2277,#2278);
#1938=AXIS2_PLACEMENT_3D('',#2825,#2279,#2280);
#1939=AXIS2_PLACEMENT_3D('',#2827,#2281,#2282);
#1940=AXIS2_PLACEMENT_3D('',#2829,#2283,#2284);
#1941=AXIS2_PLACEMENT_3D('',#2831,#2285,#2286);
#1942=AXIS2_PLACEMENT_3D('',#2833,#2287,#2288);
#1943=AXIS2_PLACEMENT_3D('',#2835,#2289,#2290);
#1944=AXIS2_PLACEMENT_3D('',#2837,#2291,#2292);
#1945=AXIS2_PLACEMENT_3D('',#2839,#2293,#2294);
#1946=AXIS2_PLACEMENT_3D('',#2841,#2295,#2296);
#1947=AXIS2_PLACEMENT_3D('',#2843,#2297,#2298);
#1948=AXIS2_PLACEMENT_3D('',#2845,#2299,#2300);
#1949=AXIS2_PLACEMENT_3D('',#2847,#2301,#2302);
#1950=AXIS2_PLACEMENT_3D('',#2849,#2303,#2304);
#1951=AXIS2_PLACEMENT_3D('',#2851,#2305,#2306);
#1952=AXIS2_PLACEMENT_3D('',#2853,#2307,#2308);
#1953=AXIS2_PLACEMENT_3D('',#2855,#2309,#2310);
#1954=AXIS2_PLACEMENT_3D('',#2857,#2311,#2312);
#1955=AXIS2_PLACEMENT_3D('',#2859,#2313,#2314);
#1956=AXIS2_PLACEMENT_3D('',#2861,#2315,#2316);
#1957=AXIS2_PLACEMENT_3D('',#2863,#2317,#2318);
#1958=AXIS2_PLACEMENT_3D('',#2865,#2319,#2320);
#1959=AXIS2_PLACEMENT_3D('',#2867,#2321,#2322);
#1960=AXIS2_PLACEMENT_3D('',#2869,#2323,#2324);
#1961=AXIS2_PLACEMENT_3D('',#2871,#2325,#2326);
#1962=AXIS2_PLACEMENT_3D('',#2873,#2327,#2328);
#1963=AXIS2_PLACEMENT_3D('',#2874,#2329,#2330);
#1964=AXIS2_PLACEMENT_3D('',#2876,#2331,#2332);
#1965=AXIS2_PLACEMENT_3D('',#2879,#2334,#2335);
#1966=AXIS2_PLACEMENT_3D('',#2880,#2336,#2337);
#1967=AXIS2_PLACEMENT_3D('',#2882,#2338,#2339);
#1968=AXIS2_PLACEMENT_3D('',#2885,#2341,#2342);
#1969=AXIS2_PLACEMENT_3D('',#2886,#2343,#2344);
#1970=AXIS2_PLACEMENT_3D('',#2895,#2349,#2350);
#1971=AXIS2_PLACEMENT_3D('',#2901,#2354,#2355);
#1972=AXIS2_PLACEMENT_3D('',#2907,#2359,#2360);
#1973=AXIS2_PLACEMENT_3D('',#2910,#2363,#2364);
#1974=AXIS2_PLACEMENT_3D('',#2917,#2369,#2370);
#1975=AXIS2_PLACEMENT_3D('',#2921,#2373,#2374);
#1976=AXIS2_PLACEMENT_3D('',#2927,#2378,#2379);
#1977=AXIS2_PLACEMENT_3D('',#2929,#2380,#2381);
#1978=AXIS2_PLACEMENT_3D('',#2931,#2382,#2383);
#1979=AXIS2_PLACEMENT_3D('',#2933,#2384,#2385);
#1980=AXIS2_PLACEMENT_3D('',#2935,#2386,#2387);
#1981=AXIS2_PLACEMENT_3D('',#2937,#2388,#2389);
#1982=AXIS2_PLACEMENT_3D('',#2939,#2390,#2391);
#1983=AXIS2_PLACEMENT_3D('',#2941,#2392,#2393);
#1984=AXIS2_PLACEMENT_3D('',#2943,#2394,#2395);
#1985=AXIS2_PLACEMENT_3D('',#2945,#2396,#2397);
#1986=AXIS2_PLACEMENT_3D('',#2947,#2398,#2399);
#1987=AXIS2_PLACEMENT_3D('',#2949,#2400,#2401);
#1988=AXIS2_PLACEMENT_3D('',#2951,#2402,#2403);
#1989=AXIS2_PLACEMENT_3D('',#2953,#2404,#2405);
#1990=AXIS2_PLACEMENT_3D('',#2955,#2406,#2407);
#1991=AXIS2_PLACEMENT_3D('',#2957,#2408,#2409);
#1992=AXIS2_PLACEMENT_3D('',#2959,#2410,#2411);
#1993=AXIS2_PLACEMENT_3D('',#2961,#2412,#2413);
#1994=AXIS2_PLACEMENT_3D('',#2963,#2414,#2415);
#1995=AXIS2_PLACEMENT_3D('',#2965,#2416,#2417);
#1996=AXIS2_PLACEMENT_3D('',#2967,#2418,#2419);
#1997=AXIS2_PLACEMENT_3D('',#2969,#2420,#2421);
#1998=AXIS2_PLACEMENT_3D('',#2971,#2422,#2423);
#1999=AXIS2_PLACEMENT_3D('',#2973,#2424,#2425);
#2000=AXIS2_PLACEMENT_3D('',#2975,#2426,#2427);
#2001=AXIS2_PLACEMENT_3D('',#2977,#2428,#2429);
#2002=AXIS2_PLACEMENT_3D('',#2979,#2430,#2431);
#2003=AXIS2_PLACEMENT_3D('',#2981,#2432,#2433);
#2004=AXIS2_PLACEMENT_3D('',#2983,#2434,#2435);
#2005=AXIS2_PLACEMENT_3D('',#2985,#2436,#2437);
#2006=AXIS2_PLACEMENT_3D('',#2987,#2438,#2439);
#2007=AXIS2_PLACEMENT_3D('',#2989,#2440,#2441);
#2008=AXIS2_PLACEMENT_3D('',#2991,#2442,#2443);
#2009=AXIS2_PLACEMENT_3D('',#2993,#2444,#2445);
#2010=AXIS2_PLACEMENT_3D('',#2995,#2446,#2447);
#2011=AXIS2_PLACEMENT_3D('',#2997,#2448,#2449);
#2012=AXIS2_PLACEMENT_3D('',#2999,#2450,#2451);
#2013=AXIS2_PLACEMENT_3D('',#3001,#2452,#2453);
#2014=AXIS2_PLACEMENT_3D('',#3003,#2454,#2455);
#2015=AXIS2_PLACEMENT_3D('',#3005,#2456,#2457);
#2016=AXIS2_PLACEMENT_3D('',#3007,#2458,#2459);
#2017=AXIS2_PLACEMENT_3D('',#3009,#2460,#2461);
#2018=AXIS2_PLACEMENT_3D('',#3011,#2462,#2463);
#2019=AXIS2_PLACEMENT_3D('',#3013,#2464,#2465);
#2020=AXIS2_PLACEMENT_3D('',#3015,#2466,#2467);
#2021=AXIS2_PLACEMENT_3D('',#3016,#2468,#2469);
#2022=AXIS2_PLACEMENT_3D('',#3018,#2471,#2472);
#2023=AXIS2_PLACEMENT_3D('',#3022,#2475,#2476);
#2024=AXIS2_PLACEMENT_3D('',#3024,#2478,#2479);
#2025=AXIS2_PLACEMENT_3D('',#3025,#2480,#2481);
#2026=AXIS2_PLACEMENT_3D('',#3027,#2483,#2484);
#2027=AXIS2_PLACEMENT_3D('',#3029,#2486,#2487);
#2028=AXIS2_PLACEMENT_3D('',#3031,#2489,#2490);
#2029=AXIS2_PLACEMENT_3D('',#3033,#2492,#2493);
#2030=AXIS2_PLACEMENT_3D('',#3035,#2495,#2496);
#2031=AXIS2_PLACEMENT_3D('',#3037,#2498,#2499);
#2032=AXIS2_PLACEMENT_3D('',#3039,#2501,#2502);
#2033=AXIS2_PLACEMENT_3D('',#3041,#2504,#2505);
#2034=AXIS2_PLACEMENT_3D('',#3043,#2507,#2508);
#2035=AXIS2_PLACEMENT_3D('',#3045,#2510,#2511);
#2036=AXIS2_PLACEMENT_3D('',#3047,#2513,#2514);
#2037=AXIS2_PLACEMENT_3D('',#3049,#2516,#2517);
#2038=AXIS2_PLACEMENT_3D('',#3051,#2519,#2520);
#2039=AXIS2_PLACEMENT_3D('',#3053,#2522,#2523);
#2040=AXIS2_PLACEMENT_3D('',#3055,#2525,#2526);
#2041=AXIS2_PLACEMENT_3D('',#3057,#2528,#2529);
#2042=AXIS2_PLACEMENT_3D('',#3059,#2531,#2532);
#2043=AXIS2_PLACEMENT_3D('',#3061,#2534,#2535);
#2044=AXIS2_PLACEMENT_3D('',#3063,#2537,#2538);
#2045=AXIS2_PLACEMENT_3D('',#3065,#2540,#2541);
#2046=AXIS2_PLACEMENT_3D('',#3067,#2543,#2544);
#2047=AXIS2_PLACEMENT_3D('',#3069,#2546,#2547);
#2048=AXIS2_PLACEMENT_3D('',#3071,#2549,#2550);
#2049=AXIS2_PLACEMENT_3D('',#3073,#2552,#2553);
#2050=AXIS2_PLACEMENT_3D('',#3075,#2555,#2556);
#2051=AXIS2_PLACEMENT_3D('',#3077,#2558,#2559);
#2052=AXIS2_PLACEMENT_3D('',#3079,#2561,#2562);
#2053=AXIS2_PLACEMENT_3D('',#3081,#2564,#2565);
#2054=AXIS2_PLACEMENT_3D('',#3083,#2567,#2568);
#2055=AXIS2_PLACEMENT_3D('',#3085,#2570,#2571);
#2056=AXIS2_PLACEMENT_3D('',#3087,#2573,#2574);
#2057=AXIS2_PLACEMENT_3D('',#3089,#2576,#2577);
#2058=AXIS2_PLACEMENT_3D('',#3091,#2579,#2580);
#2059=AXIS2_PLACEMENT_3D('',#3093,#2582,#2583);
#2060=AXIS2_PLACEMENT_3D('',#3095,#2585,#2586);
#2061=AXIS2_PLACEMENT_3D('',#3097,#2588,#2589);
#2062=AXIS2_PLACEMENT_3D('',#3099,#2591,#2592);
#2063=AXIS2_PLACEMENT_3D('',#3101,#2594,#2595);
#2064=AXIS2_PLACEMENT_3D('',#3103,#2597,#2598);
#2065=AXIS2_PLACEMENT_3D('',#3105,#2600,#2601);
#2066=AXIS2_PLACEMENT_3D('',#3107,#2603,#2604);
#2067=AXIS2_PLACEMENT_3D('',#3109,#2606,#2607);
#2068=AXIS2_PLACEMENT_3D('',#3111,#2609,#2610);
#2069=AXIS2_PLACEMENT_3D('',#3113,#2612,#2613);
#2070=DIRECTION('axis',(0.,0.,1.));
#2071=DIRECTION('refdir',(1.,0.,0.));
#2072=DIRECTION('center_axis',(-1.,0.,0.));
#2073=DIRECTION('ref_axis',(0.,0.707106781186551,-0.707106781186544));
#2074=DIRECTION('',(1.,0.,0.));
#2075=DIRECTION('center_axis',(-0.707106781186548,1.57009245868378E-15,
0.707106781186547));
#2076=DIRECTION('ref_axis',(0.707106781186547,1.57009245868378E-15,0.707106781186548));
#2077=DIRECTION('',(1.,0.,0.));
#2078=DIRECTION('center_axis',(-0.707106781186548,0.,-0.707106781186548));
#2079=DIRECTION('ref_axis',(-0.707106781186548,-4.18691322315673E-16,0.707106781186548));
#2080=DIRECTION('center_axis',(0.,-2.96059473233375E-16,1.));
#2081=DIRECTION('ref_axis',(-0.707106781186546,0.707106781186549,0.));
#2082=DIRECTION('',(0.,2.96059473233375E-16,-1.));
#2083=DIRECTION('center_axis',(0.707106781186548,1.57009245868377E-15,0.707106781186548));
#2084=DIRECTION('ref_axis',(0.707106781186548,1.98878378099944E-15,-0.707106781186548));
#2085=DIRECTION('',(0.,2.96059473233375E-16,-1.));
#2086=DIRECTION('center_axis',(0.,2.96059473233375E-16,-1.));
#2087=DIRECTION('ref_axis',(0.707106781186546,0.707106781186549,0.));
#2088=DIRECTION('',(0.,-2.96059473233375E-16,1.));
#2089=DIRECTION('center_axis',(-0.707106781186548,0.,0.707106781186548));
#2090=DIRECTION('ref_axis',(0.707106781186548,-4.18691322315673E-16,0.707106781186548));
#2091=DIRECTION('',(0.,-2.96059473233375E-16,1.));
#2092=DIRECTION('center_axis',(1.,0.,0.));
#2093=DIRECTION('ref_axis',(0.,0.707106781186551,0.707106781186544));
#2094=DIRECTION('',(-1.,0.,0.));
#2095=DIRECTION('',(-1.,0.,0.));
#2096=DIRECTION('center_axis',(0.,1.,2.96059473233375E-16));
#2097=DIRECTION('ref_axis',(1.,0.,0.));
#2098=DIRECTION('',(-1.,0.,0.));
#2099=DIRECTION('',(0.,-2.96059473233375E-16,1.));
#2100=DIRECTION('',(-1.,0.,0.));
#2101=DIRECTION('',(0.,0.,-1.));
#2102=DIRECTION('center_axis',(0.,0.,-1.));
#2103=DIRECTION('ref_axis',(-1.,0.,0.));
#2104=DIRECTION('center_axis',(0.,-2.96059473233375E-16,1.));
#2105=DIRECTION('ref_axis',(-1.,0.,0.));
#2106=DIRECTION('',(-0.707106781186547,-8.65956056235493E-17,0.707106781186548));
#2107=DIRECTION('center_axis',(0.,0.,1.));
#2108=DIRECTION('ref_axis',(-1.,0.,0.));
#2109=DIRECTION('center_axis',(0.,0.,1.));
#2110=DIRECTION('ref_axis',(-1.,0.,0.));
#2111=DIRECTION('',(0.,0.,1.));
#2112=DIRECTION('center_axis',(0.,0.,1.));
#2113=DIRECTION('ref_axis',(-1.,0.,0.));
#2114=DIRECTION('center_axis',(0.,0.,1.));
#2115=DIRECTION('ref_axis',(-1.,0.,0.));
#2116=DIRECTION('center_axis',(0.,0.,-1.));
#2117=DIRECTION('ref_axis',(-1.,0.,0.));
#2118=DIRECTION('center_axis',(0.,-2.96059473233375E-16,1.));
#2119=DIRECTION('ref_axis',(-1.,0.,0.));
#2120=DIRECTION('',(-0.707106781186547,-8.65956056235493E-17,0.707106781186548));
#2121=DIRECTION('center_axis',(0.,0.,1.));
#2122=DIRECTION('ref_axis',(-1.,0.,0.));
#2123=DIRECTION('center_axis',(0.,0.,1.));
#2124=DIRECTION('ref_axis',(-1.,0.,0.));
#2125=DIRECTION('',(0.,0.,1.));
#2126=DIRECTION('center_axis',(0.,0.,1.));
#2127=DIRECTION('ref_axis',(-1.,0.,0.));
#2128=DIRECTION('center_axis',(0.,0.,1.));
#2129=DIRECTION('ref_axis',(-1.,0.,0.));
#2130=DIRECTION('center_axis',(0.,0.,-1.));
#2131=DIRECTION('ref_axis',(-1.,0.,0.));
#2132=DIRECTION('center_axis',(0.,-2.96059473233375E-16,1.));
#2133=DIRECTION('ref_axis',(-1.,0.,0.));
#2134=DIRECTION('',(-0.707106781186547,-8.65956056235493E-17,0.707106781186548));
#2135=DIRECTION('center_axis',(0.,0.,1.));
#2136=DIRECTION('ref_axis',(-1.,0.,0.));
#2137=DIRECTION('center_axis',(0.,0.,1.));
#2138=DIRECTION('ref_axis',(-1.,0.,0.));
#2139=DIRECTION('',(0.,0.,1.));
#2140=DIRECTION('center_axis',(0.,0.,1.));
#2141=DIRECTION('ref_axis',(-1.,0.,0.));
#2142=DIRECTION('center_axis',(0.,0.,1.));
#2143=DIRECTION('ref_axis',(-1.,0.,0.));
#2144=DIRECTION('center_axis',(0.,0.,-1.));
#2145=DIRECTION('ref_axis',(-1.,0.,0.));
#2146=DIRECTION('center_axis',(0.,-2.96059473233375E-16,1.));
#2147=DIRECTION('ref_axis',(-1.,0.,0.));
#2148=DIRECTION('',(-0.707106781186547,-8.65956056235493E-17,0.707106781186548));
#2149=DIRECTION('center_axis',(0.,0.,1.));
#2150=DIRECTION('ref_axis',(-1.,0.,0.));
#2151=DIRECTION('center_axis',(0.,0.,1.));
#2152=DIRECTION('ref_axis',(-1.,0.,0.));
#2153=DIRECTION('',(0.,0.,1.));
#2154=DIRECTION('center_axis',(0.,0.,1.));
#2155=DIRECTION('ref_axis',(-1.,0.,0.));
#2156=DIRECTION('center_axis',(0.,0.,1.));
#2157=DIRECTION('ref_axis',(-1.,0.,0.));
#2158=DIRECTION('center_axis',(0.,0.,1.));
#2159=DIRECTION('ref_axis',(1.,-1.22464679914735E-16,0.));
#2160=DIRECTION('',(0.,0.,-1.));
#2161=DIRECTION('center_axis',(0.,0.,1.));
#2162=DIRECTION('ref_axis',(-1.,0.,0.));
#2163=DIRECTION('',(0.,0.,1.));
#2164=DIRECTION('center_axis',(0.,0.,1.));
#2165=DIRECTION('ref_axis',(-1.,0.,0.));
#2166=DIRECTION('center_axis',(0.,0.,-1.));
#2167=DIRECTION('ref_axis',(1.,-1.22464679914735E-16,0.));
#2168=DIRECTION('center_axis',(0.,-2.96059473233375E-16,1.));
#2169=DIRECTION('ref_axis',(-1.,0.,0.));
#2170=DIRECTION('center_axis',(0.,0.,1.));
#2171=DIRECTION('ref_axis',(-1.,0.,0.));
#2172=DIRECTION('',(0.,-1.,0.));
#2173=DIRECTION('center_axis',(0.,0.,-1.));
#2174=DIRECTION('ref_axis',(-1.,0.,0.));
#2175=DIRECTION('center_axis',(0.,0.,1.));
#2176=DIRECTION('ref_axis',(-1.,0.,0.));
#2177=DIRECTION('center_axis',(0.,-2.96059473233375E-16,1.));
#2178=DIRECTION('ref_axis',(-1.,0.,0.));
#2179=DIRECTION('center_axis',(0.,0.,1.));
#2180=DIRECTION('ref_axis',(-1.,0.,0.));
#2181=DIRECTION('',(0.,0.,-1.));
#2182=DIRECTION('center_axis',(0.,0.,1.));
#2183=DIRECTION('ref_axis',(-1.,0.,0.));
#2184=DIRECTION('',(0.,0.,1.));
#2185=DIRECTION('center_axis',(0.,0.,1.));
#2186=DIRECTION('ref_axis',(-1.,0.,0.));
#2187=DIRECTION('',(0.,1.,0.));
#2188=DIRECTION('center_axis',(-1.,0.,0.));
#2189=DIRECTION('ref_axis',(0.,1.,0.));
#2190=DIRECTION('center_axis',(-1.,0.,0.));
#2191=DIRECTION('ref_axis',(0.,1.,0.));
#2192=DIRECTION('',(-1.,0.,0.));
#2193=DIRECTION('center_axis',(1.,0.,0.));
#2194=DIRECTION('ref_axis',(0.,1.,0.));
#2195=DIRECTION('center_axis',(-1.,0.,0.));
#2196=DIRECTION('ref_axis',(0.,1.,0.));
#2197=DIRECTION('center_axis',(-1.,0.,0.));
#2198=DIRECTION('ref_axis',(0.,1.,0.));
#2199=DIRECTION('',(-1.,0.,0.));
#2200=DIRECTION('center_axis',(1.,0.,0.));
#2201=DIRECTION('ref_axis',(0.,1.,0.));
#2202=DIRECTION('center_axis',(-1.,0.,0.));
#2203=DIRECTION('ref_axis',(0.,1.,0.));
#2204=DIRECTION('center_axis',(-1.,0.,0.));
#2205=DIRECTION('ref_axis',(0.,1.,0.));
#2206=DIRECTION('',(-1.,0.,0.));
#2207=DIRECTION('center_axis',(1.,0.,0.));
#2208=DIRECTION('ref_axis',(0.,1.,0.));
#2209=DIRECTION('center_axis',(-1.,0.,0.));
#2210=DIRECTION('ref_axis',(0.,1.,0.));
#2211=DIRECTION('center_axis',(-1.,0.,0.));
#2212=DIRECTION('ref_axis',(0.,1.,0.));
#2213=DIRECTION('',(-1.,0.,0.));
#2214=DIRECTION('center_axis',(1.,0.,0.));
#2215=DIRECTION('ref_axis',(0.,1.,0.));
#2216=DIRECTION('center_axis',(0.707106781186544,0.,0.707106781186551));
#2217=DIRECTION('ref_axis',(0.707106781186551,0.,-0.707106781186544));
#2218=DIRECTION('',(0.,-1.,-2.14881875733901E-16));
#2219=DIRECTION('',(0.577350269189629,-0.577350269189624,-0.577350269189624));
#2220=DIRECTION('',(0.,1.,0.));
#2221=DIRECTION('',(0.577350269189627,0.577350269189627,-0.577350269189622));
#2222=DIRECTION('center_axis',(0.,-0.707106781186548,0.707106781186548));
#2223=DIRECTION('ref_axis',(1.,0.,0.));
#2224=DIRECTION('',(-1.,0.,0.));
#2225=DIRECTION('',(-0.577350269189626,-0.577350269189626,-0.577350269189626));
#2226=DIRECTION('',(1.,0.,0.));
#2227=DIRECTION('center_axis',(-0.707106781186548,0.,0.707106781186548));
#2228=DIRECTION('ref_axis',(0.707106781186548,0.,0.707106781186548));
#2229=DIRECTION('',(0.,1.,2.14881875733901E-16));
#2230=DIRECTION('',(-0.577350269189624,0.577350269189629,-0.577350269189624));
#2231=DIRECTION('',(0.,-1.,0.));
#2232=DIRECTION('center_axis',(0.,0.707106781186544,0.707106781186551));
#2233=DIRECTION('ref_axis',(1.,0.,0.));
#2234=DIRECTION('',(1.,0.,0.));
#2235=DIRECTION('center_axis',(1.,0.,0.));
#2236=DIRECTION('ref_axis',(0.,-1.,-2.14881875733901E-16));
#2237=DIRECTION('',(0.,-2.96059473233375E-16,1.));
#2238=DIRECTION('',(0.,1.,2.96059473233375E-16));
#2239=DIRECTION('center_axis',(-1.,0.,0.));
#2240=DIRECTION('ref_axis',(0.,0.965925826289068,0.258819045102522));
#2241=DIRECTION('center_axis',(-1.,0.,0.));
#2242=DIRECTION('ref_axis',(0.,0.866025403784438,0.5));
#2243=DIRECTION('center_axis',(-1.,0.,0.));
#2244=DIRECTION('ref_axis',(0.,0.707106781186547,0.707106781186548));
#2245=DIRECTION('center_axis',(-1.,0.,0.));
#2246=DIRECTION('ref_axis',(0.,0.499999999999999,0.866025403784439));
#2247=DIRECTION('center_axis',(-1.,0.,0.));
#2248=DIRECTION('ref_axis',(0.,0.25881904510252,0.965925826289069));
#2249=DIRECTION('center_axis',(-1.,0.,0.));
#2250=DIRECTION('ref_axis',(0.,-1.83697019872103E-16,1.));
#2251=DIRECTION('center_axis',(-1.,0.,0.));
#2252=DIRECTION('ref_axis',(0.,-0.258819045102522,0.965925826289068));
#2253=DIRECTION('center_axis',(-1.,0.,0.));
#2254=DIRECTION('ref_axis',(0.,-0.5,0.866025403784438));
#2255=DIRECTION('center_axis',(-1.,0.,0.));
#2256=DIRECTION('ref_axis',(0.,-0.707106781186548,0.707106781186547));
#2257=DIRECTION('center_axis',(-1.,0.,0.));
#2258=DIRECTION('ref_axis',(0.,-0.866025403784439,0.5));
#2259=DIRECTION('center_axis',(-1.,0.,0.));
#2260=DIRECTION('ref_axis',(0.,-0.965925826289069,0.25881904510252));
#2261=DIRECTION('center_axis',(-1.,0.,0.));
#2262=DIRECTION('ref_axis',(0.,-1.,-1.22464679914735E-16));
#2263=DIRECTION('center_axis',(-1.,0.,0.));
#2264=DIRECTION('ref_axis',(0.,-0.965925826289068,-0.258819045102521));
#2265=DIRECTION('center_axis',(-1.,0.,0.));
#2266=DIRECTION('ref_axis',(0.,-0.866025403784438,-0.5));
#2267=DIRECTION('center_axis',(-1.,0.,0.));
#2268=DIRECTION('ref_axis',(0.,-0.707106781186547,-0.707106781186548));
#2269=DIRECTION('center_axis',(-1.,0.,0.));
#2270=DIRECTION('ref_axis',(0.,-0.5,-0.866025403784439));
#2271=DIRECTION('center_axis',(-1.,0.,0.));
#2272=DIRECTION('ref_axis',(0.,-0.258819045102521,-0.965925826289068));
#2273=DIRECTION('center_axis',(-1.,0.,0.));
#2274=DIRECTION('ref_axis',(0.,6.12323399573677E-17,-1.));
#2275=DIRECTION('center_axis',(-1.,0.,0.));
#2276=DIRECTION('ref_axis',(0.,0.258819045102521,-0.965925826289068));
#2277=DIRECTION('center_axis',(-1.,0.,0.));
#2278=DIRECTION('ref_axis',(0.,0.5,-0.866025403784439));
#2279=DIRECTION('center_axis',(-1.,0.,0.));
#2280=DIRECTION('ref_axis',(0.,0.707106781186548,-0.707106781186548));
#2281=DIRECTION('center_axis',(-1.,0.,0.));
#2282=DIRECTION('ref_axis',(0.,0.866025403784439,-0.5));
#2283=DIRECTION('center_axis',(-1.,0.,0.));
#2284=DIRECTION('ref_axis',(0.,0.965925826289068,-0.258819045102521));
#2285=DIRECTION('center_axis',(-1.,0.,0.));
#2286=DIRECTION('ref_axis',(0.,0.923879532511287,0.38268343236509));
#2287=DIRECTION('center_axis',(-1.,0.,0.));
#2288=DIRECTION('ref_axis',(0.,0.707106781186547,0.707106781186548));
#2289=DIRECTION('center_axis',(-1.,0.,0.));
#2290=DIRECTION('ref_axis',(0.,0.38268343236509,0.923879532511287));
#2291=DIRECTION('center_axis',(-1.,0.,0.));
#2292=DIRECTION('ref_axis',(0.,-1.83697019872103E-16,1.));
#2293=DIRECTION('center_axis',(-1.,0.,0.));
#2294=DIRECTION('ref_axis',(0.,-0.38268343236509,0.923879532511287));
#2295=DIRECTION('center_axis',(-1.,0.,0.));
#2296=DIRECTION('ref_axis',(0.,-0.707106781186548,0.707106781186547));
#2297=DIRECTION('center_axis',(-1.,0.,0.));
#2298=DIRECTION('ref_axis',(0.,-0.923879532511287,0.38268343236509));
#2299=DIRECTION('center_axis',(-1.,0.,0.));
#2300=DIRECTION('ref_axis',(0.,-1.,-1.22464679914735E-16));
#2301=DIRECTION('center_axis',(-1.,0.,0.));
#2302=DIRECTION('ref_axis',(0.,-0.923879532511287,-0.38268343236509));
#2303=DIRECTION('center_axis',(-1.,0.,0.));
#2304=DIRECTION('ref_axis',(0.,-0.707106781186547,-0.707106781186548));
#2305=DIRECTION('center_axis',(-1.,0.,0.));
#2306=DIRECTION('ref_axis',(0.,-0.38268343236509,-0.923879532511287));
#2307=DIRECTION('center_axis',(-1.,0.,0.));
#2308=DIRECTION('ref_axis',(0.,6.12323399573677E-17,-1.));
#2309=DIRECTION('center_axis',(-1.,0.,0.));
#2310=DIRECTION('ref_axis',(0.,0.38268343236509,-0.923879532511287));
#2311=DIRECTION('center_axis',(-1.,0.,0.));
#2312=DIRECTION('ref_axis',(0.,0.707106781186548,-0.707106781186548));
#2313=DIRECTION('center_axis',(-1.,0.,0.));
#2314=DIRECTION('ref_axis',(0.,0.923879532511287,-0.38268343236509));
#2315=DIRECTION('center_axis',(-1.,0.,0.));
#2316=DIRECTION('ref_axis',(0.,0.707106781186547,0.707106781186548));
#2317=DIRECTION('center_axis',(-1.,0.,0.));
#2318=DIRECTION('ref_axis',(0.,-1.83697019872103E-16,1.));
#2319=DIRECTION('center_axis',(-1.,0.,0.));
#2320=DIRECTION('ref_axis',(0.,-0.707106781186548,0.707106781186547));
#2321=DIRECTION('center_axis',(-1.,0.,0.));
#2322=DIRECTION('ref_axis',(0.,-1.,-1.22464679914735E-16));
#2323=DIRECTION('center_axis',(-1.,0.,0.));
#2324=DIRECTION('ref_axis',(0.,-0.707106781186547,-0.707106781186548));
#2325=DIRECTION('center_axis',(-1.,0.,0.));
#2326=DIRECTION('ref_axis',(0.,6.12323399573677E-17,-1.));
#2327=DIRECTION('center_axis',(-1.,0.,0.));
#2328=DIRECTION('ref_axis',(0.,0.707106781186548,-0.707106781186548));
#2329=DIRECTION('center_axis',(0.,1.,0.));
#2330=DIRECTION('ref_axis',(1.,0.,0.));
#2331=DIRECTION('center_axis',(0.,1.,2.96059473233375E-16));
#2332=DIRECTION('ref_axis',(1.,0.,0.));
#2333=DIRECTION('',(0.,1.,0.));
#2334=DIRECTION('center_axis',(0.,-1.,-2.96059473233375E-16));
#2335=DIRECTION('ref_axis',(1.,0.,0.));
#2336=DIRECTION('center_axis',(0.,1.,0.));
#2337=DIRECTION('ref_axis',(1.,0.,0.));
#2338=DIRECTION('center_axis',(0.,1.,2.96059473233375E-16));
#2339=DIRECTION('ref_axis',(1.,0.,0.));
#2340=DIRECTION('',(0.,1.,0.));
#2341=DIRECTION('center_axis',(0.,-1.,-2.96059473233375E-16));
#2342=DIRECTION('ref_axis',(1.,0.,0.));
#2343=DIRECTION('center_axis',(-5.07707114028617E-18,0.,-1.));
#2344=DIRECTION('ref_axis',(-1.,-1.50311500736149E-33,5.07707114028617E-18));
#2345=DIRECTION('',(1.,1.50311500736149E-33,-5.07707114028617E-18));
#2346=DIRECTION('',(0.,1.,0.));
#2347=DIRECTION('',(-1.,-1.50311500736149E-33,5.07707114028617E-18));
#2348=DIRECTION('',(0.,1.,0.));
#2349=DIRECTION('center_axis',(1.,0.,-5.077071140292E-18));
#2350=DIRECTION('ref_axis',(-5.077071140292E-18,2.96059473233375E-16,-1.));
#2351=DIRECTION('',(5.077071140292E-18,-2.96059473233375E-16,1.));
#2352=DIRECTION('',(-5.077071140292E-18,2.96059473233375E-16,-1.));
#2353=DIRECTION('',(0.,1.,0.));
#2354=DIRECTION('center_axis',(5.07707114028617E-18,0.,1.));
#2355=DIRECTION('ref_axis',(1.,1.50311500736149E-33,-5.07707114028617E-18));
#2356=DIRECTION('',(-1.,-1.50311500736149E-33,5.07707114028617E-18));
#2357=DIRECTION('',(1.,1.50311500736149E-33,-5.07707114028617E-18));
#2358=DIRECTION('',(0.,1.,0.));
#2359=DIRECTION('center_axis',(-1.,0.,-9.18348548919319E-17));
#2360=DIRECTION('ref_axis',(-9.18348548919319E-17,-2.96059473233375E-16,
1.));
#2361=DIRECTION('',(9.18348548919319E-17,2.96059473233375E-16,-1.));
#2362=DIRECTION('',(-9.18348548919319E-17,-2.96059473233375E-16,1.));
#2363=DIRECTION('center_axis',(-1.,0.,0.));
#2364=DIRECTION('ref_axis',(0.,1.,2.14881875733901E-16));
#2365=DIRECTION('',(0.,-1.,-2.14881875733901E-16));
#2366=DIRECTION('',(0.,0.,1.));
#2367=DIRECTION('',(0.,2.96059473233375E-16,-1.));
#2368=DIRECTION('',(0.,-1.,-2.14881875733901E-16));
#2369=DIRECTION('center_axis',(0.,-1.,-2.96059473233375E-16));
#2370=DIRECTION('ref_axis',(-1.,0.,0.));
#2371=DIRECTION('',(0.,2.96059473233375E-16,-1.));
#2372=DIRECTION('',(1.,0.,0.));
#2373=DIRECTION('center_axis',(1.,0.,0.));
#2374=DIRECTION('ref_axis',(0.,-1.,-2.14881875733901E-16));
#2375=DIRECTION('',(0.,1.,2.14881875733901E-16));
#2376=DIRECTION('',(0.,2.96059473233375E-16,-1.));
#2377=DIRECTION('',(0.,1.,2.14881875733901E-16));
#2378=DIRECTION('center_axis',(1.,0.,0.));
#2379=DIRECTION('ref_axis',(0.,0.707106781186548,-0.707106781186548));
#2380=DIRECTION('center_axis',(1.,0.,0.));
#2381=DIRECTION('ref_axis',(0.,6.12323399573677E-17,-1.));
#2382=DIRECTION('center_axis',(1.,0.,0.));
#2383=DIRECTION('ref_axis',(0.,-0.707106781186547,-0.707106781186548));
#2384=DIRECTION('center_axis',(1.,0.,0.));
#2385=DIRECTION('ref_axis',(0.,-1.,-1.22464679914735E-16));
#2386=DIRECTION('center_axis',(1.,0.,0.));
#2387=DIRECTION('ref_axis',(0.,-0.707106781186548,0.707106781186547));
#2388=DIRECTION('center_axis',(1.,0.,0.));
#2389=DIRECTION('ref_axis',(0.,-1.83697019872103E-16,1.));
#2390=DIRECTION('center_axis',(1.,0.,0.));
#2391=DIRECTION('ref_axis',(0.,0.707106781186547,0.707106781186548));
#2392=DIRECTION('center_axis',(1.,0.,0.));
#2393=DIRECTION('ref_axis',(0.,0.923879532511287,-0.38268343236509));
#2394=DIRECTION('center_axis',(1.,0.,0.));
#2395=DIRECTION('ref_axis',(0.,0.707106781186548,-0.707106781186548));
#2396=DIRECTION('center_axis',(1.,0.,0.));
#2397=DIRECTION('ref_axis',(0.,0.38268343236509,-0.923879532511287));
#2398=DIRECTION('center_axis',(1.,0.,0.));
#2399=DIRECTION('ref_axis',(0.,6.12323399573677E-17,-1.));
#2400=DIRECTION('center_axis',(1.,0.,0.));
#2401=DIRECTION('ref_axis',(0.,-0.38268343236509,-0.923879532511287));
#2402=DIRECTION('center_axis',(1.,0.,0.));
#2403=DIRECTION('ref_axis',(0.,-0.707106781186547,-0.707106781186548));
#2404=DIRECTION('center_axis',(1.,0.,0.));
#2405=DIRECTION('ref_axis',(0.,-0.923879532511287,-0.38268343236509));
#2406=DIRECTION('center_axis',(1.,0.,0.));
#2407=DIRECTION('ref_axis',(0.,-1.,-1.22464679914735E-16));
#2408=DIRECTION('center_axis',(1.,0.,0.));
#2409=DIRECTION('ref_axis',(0.,-0.923879532511287,0.38268343236509));
#2410=DIRECTION('center_axis',(1.,0.,0.));
#2411=DIRECTION('ref_axis',(0.,-0.707106781186548,0.707106781186547));
#2412=DIRECTION('center_axis',(1.,0.,0.));
#2413=DIRECTION('ref_axis',(0.,-0.38268343236509,0.923879532511287));
#2414=DIRECTION('center_axis',(1.,0.,0.));
#2415=DIRECTION('ref_axis',(0.,-1.83697019872103E-16,1.));
#2416=DIRECTION('center_axis',(1.,0.,0.));
#2417=DIRECTION('ref_axis',(0.,0.38268343236509,0.923879532511287));
#2418=DIRECTION('center_axis',(1.,0.,0.));
#2419=DIRECTION('ref_axis',(0.,0.707106781186547,0.707106781186548));
#2420=DIRECTION('center_axis',(1.,0.,0.));
#2421=DIRECTION('ref_axis',(0.,0.923879532511287,0.38268343236509));
#2422=DIRECTION('center_axis',(1.,0.,0.));
#2423=DIRECTION('ref_axis',(0.,0.965925826289068,-0.258819045102521));
#2424=DIRECTION('center_axis',(1.,0.,0.));
#2425=DIRECTION('ref_axis',(0.,0.866025403784439,-0.5));
#2426=DIRECTION('center_axis',(1.,0.,0.));
#2427=DIRECTION('ref_axis',(0.,0.707106781186548,-0.707106781186548));
#2428=DIRECTION('center_axis',(1.,0.,0.));
#2429=DIRECTION('ref_axis',(0.,0.5,-0.866025403784439));
#2430=DIRECTION('center_axis',(1.,0.,0.));
#2431=DIRECTION('ref_axis',(0.,0.258819045102521,-0.965925826289068));
#2432=DIRECTION('center_axis',(1.,0.,0.));
#2433=DIRECTION('ref_axis',(0.,6.12323399573677E-17,-1.));
#2434=DIRECTION('center_axis',(1.,0.,0.));
#2435=DIRECTION('ref_axis',(0.,-0.258819045102521,-0.965925826289068));
#2436=DIRECTION('center_axis',(1.,0.,0.));
#2437=DIRECTION('ref_axis',(0.,-0.5,-0.866025403784439));
#2438=DIRECTION('center_axis',(1.,0.,0.));
#2439=DIRECTION('ref_axis',(0.,-0.707106781186547,-0.707106781186548));
#2440=DIRECTION('center_axis',(1.,0.,0.));
#2441=DIRECTION('ref_axis',(0.,-0.866025403784438,-0.5));
#2442=DIRECTION('center_axis',(1.,0.,0.));
#2443=DIRECTION('ref_axis',(0.,-0.965925826289068,-0.258819045102521));
#2444=DIRECTION('center_axis',(1.,0.,0.));
#2445=DIRECTION('ref_axis',(0.,-1.,-1.22464679914735E-16));
#2446=DIRECTION('center_axis',(1.,0.,0.));
#2447=DIRECTION('ref_axis',(0.,-0.965925826289069,0.25881904510252));
#2448=DIRECTION('center_axis',(1.,0.,0.));
#2449=DIRECTION('ref_axis',(0.,-0.866025403784439,0.5));
#2450=DIRECTION('center_axis',(1.,0.,0.));
#2451=DIRECTION('ref_axis',(0.,-0.707106781186548,0.707106781186547));
#2452=DIRECTION('center_axis',(1.,0.,0.));
#2453=DIRECTION('ref_axis',(0.,-0.5,0.866025403784438));
#2454=DIRECTION('center_axis',(1.,0.,0.));
#2455=DIRECTION('ref_axis',(0.,-0.258819045102522,0.965925826289068));
#2456=DIRECTION('center_axis',(1.,0.,0.));
#2457=DIRECTION('ref_axis',(0.,-1.83697019872103E-16,1.));
#2458=DIRECTION('center_axis',(1.,0.,0.));
#2459=DIRECTION('ref_axis',(0.,0.25881904510252,0.965925826289069));
#2460=DIRECTION('center_axis',(1.,0.,0.));
#2461=DIRECTION('ref_axis',(0.,0.499999999999999,0.866025403784439));
#2462=DIRECTION('center_axis',(1.,0.,0.));
#2463=DIRECTION('ref_axis',(0.,0.707106781186547,0.707106781186548));
#2464=DIRECTION('center_axis',(1.,0.,0.));
#2465=DIRECTION('ref_axis',(0.,0.866025403784438,0.5));
#2466=DIRECTION('center_axis',(1.,0.,0.));
#2467=DIRECTION('ref_axis',(0.,0.965925826289068,0.258819045102522));
#2468=DIRECTION('center_axis',(0.,1.,2.96059473233375E-16));
#2469=DIRECTION('ref_axis',(1.,0.,0.));
#2470=DIRECTION('',(-1.,0.,0.));
#2471=DIRECTION('center_axis',(-1.,0.,0.));
#2472=DIRECTION('ref_axis',(0.,1.,2.14881875733901E-16));
#2473=DIRECTION('',(0.,-1.,-2.96059473233375E-16));
#2474=DIRECTION('',(0.,-2.96059473233375E-16,1.));
#2475=DIRECTION('center_axis',(0.,-1.,-2.96059473233375E-16));
#2476=DIRECTION('ref_axis',(-1.,0.,0.));
#2477=DIRECTION('',(1.,0.,0.));
#2478=DIRECTION('center_axis',(0.,2.96059473233375E-16,-1.));
#2479=DIRECTION('ref_axis',(-1.,0.,0.));
#2480=DIRECTION('center_axis',(-1.,0.,0.));
#2481=DIRECTION('ref_axis',(0.,0.707106781186548,-0.707106781186548));
#2482=DIRECTION('',(-1.,0.,0.));
#2483=DIRECTION('center_axis',(-1.,0.,0.));
#2484=DIRECTION('ref_axis',(0.,6.12323399573677E-17,-1.));
#2485=DIRECTION('',(-1.,0.,0.));
#2486=DIRECTION('center_axis',(-1.,0.,0.));
#2487=DIRECTION('ref_axis',(0.,-0.707106781186547,-0.707106781186548));
#2488=DIRECTION('',(-1.,0.,0.));
#2489=DIRECTION('center_axis',(-1.,0.,0.));
#2490=DIRECTION('ref_axis',(0.,-1.,-1.22464679914735E-16));
#2491=DIRECTION('',(-1.,0.,0.));
#2492=DIRECTION('center_axis',(-1.,0.,0.));
#2493=DIRECTION('ref_axis',(0.,-0.707106781186548,0.707106781186547));
#2494=DIRECTION('',(-1.,0.,0.));
#2495=DIRECTION('center_axis',(-1.,0.,0.));
#2496=DIRECTION('ref_axis',(0.,-1.83697019872103E-16,1.));
#2497=DIRECTION('',(-1.,0.,0.));
#2498=DIRECTION('center_axis',(-1.,0.,0.));
#2499=DIRECTION('ref_axis',(0.,0.707106781186547,0.707106781186548));
#2500=DIRECTION('',(-1.,0.,0.));
#2501=DIRECTION('center_axis',(-1.,0.,0.));
#2502=DIRECTION('ref_axis',(0.,0.923879532511287,-0.38268343236509));
#2503=DIRECTION('',(-1.,0.,0.));
#2504=DIRECTION('center_axis',(-1.,0.,0.));
#2505=DIRECTION('ref_axis',(0.,0.707106781186548,-0.707106781186548));
#2506=DIRECTION('',(-1.,0.,0.));
#2507=DIRECTION('center_axis',(-1.,0.,0.));
#2508=DIRECTION('ref_axis',(0.,0.38268343236509,-0.923879532511287));
#2509=DIRECTION('',(-1.,0.,0.));
#2510=DIRECTION('center_axis',(-1.,0.,0.));
#2511=DIRECTION('ref_axis',(0.,6.12323399573677E-17,-1.));
#2512=DIRECTION('',(-1.,0.,0.));
#2513=DIRECTION('center_axis',(-1.,0.,0.));
#2514=DIRECTION('ref_axis',(0.,-0.38268343236509,-0.923879532511287));
#2515=DIRECTION('',(-1.,0.,0.));
#2516=DIRECTION('center_axis',(-1.,0.,0.));
#2517=DIRECTION('ref_axis',(0.,-0.707106781186547,-0.707106781186548));
#2518=DIRECTION('',(-1.,0.,0.));
#2519=DIRECTION('center_axis',(-1.,0.,0.));
#2520=DIRECTION('ref_axis',(0.,-0.923879532511287,-0.38268343236509));
#2521=DIRECTION('',(-1.,0.,0.));
#2522=DIRECTION('center_axis',(-1.,0.,0.));
#2523=DIRECTION('ref_axis',(0.,-1.,-1.22464679914735E-16));
#2524=DIRECTION('',(-1.,0.,0.));
#2525=DIRECTION('center_axis',(-1.,0.,0.));
#2526=DIRECTION('ref_axis',(0.,-0.923879532511287,0.38268343236509));
#2527=DIRECTION('',(-1.,0.,0.));
#2528=DIRECTION('center_axis',(-1.,0.,0.));
#2529=DIRECTION('ref_axis',(0.,-0.707106781186548,0.707106781186547));
#2530=DIRECTION('',(-1.,0.,0.));
#2531=DIRECTION('center_axis',(-1.,0.,0.));
#2532=DIRECTION('ref_axis',(0.,-0.38268343236509,0.923879532511287));
#2533=DIRECTION('',(-1.,0.,0.));
#2534=DIRECTION('center_axis',(-1.,0.,0.));
#2535=DIRECTION('ref_axis',(0.,-1.83697019872103E-16,1.));
#2536=DIRECTION('',(-1.,0.,0.));
#2537=DIRECTION('center_axis',(-1.,0.,0.));
#2538=DIRECTION('ref_axis',(0.,0.38268343236509,0.923879532511287));
#2539=DIRECTION('',(-1.,0.,0.));
#2540=DIRECTION('center_axis',(-1.,0.,0.));
#2541=DIRECTION('ref_axis',(0.,0.707106781186547,0.707106781186548));
#2542=DIRECTION('',(-1.,0.,0.));
#2543=DIRECTION('center_axis',(-1.,0.,0.));
#2544=DIRECTION('ref_axis',(0.,0.923879532511287,0.38268343236509));
#2545=DIRECTION('',(-1.,0.,0.));
#2546=DIRECTION('center_axis',(-1.,0.,0.));
#2547=DIRECTION('ref_axis',(0.,0.965925826289068,-0.258819045102521));
#2548=DIRECTION('',(-1.,0.,0.));
#2549=DIRECTION('center_axis',(-1.,0.,0.));
#2550=DIRECTION('ref_axis',(0.,0.866025403784439,-0.5));
#2551=DIRECTION('',(-1.,0.,0.));
#2552=DIRECTION('center_axis',(-1.,0.,0.));
#2553=DIRECTION('ref_axis',(0.,0.707106781186548,-0.707106781186548));
#2554=DIRECTION('',(-1.,0.,0.));
#2555=DIRECTION('center_axis',(-1.,0.,0.));
#2556=DIRECTION('ref_axis',(0.,0.5,-0.866025403784439));
#2557=DIRECTION('',(-1.,0.,0.));
#2558=DIRECTION('center_axis',(-1.,0.,0.));
#2559=DIRECTION('ref_axis',(0.,0.258819045102521,-0.965925826289068));
#2560=DIRECTION('',(-1.,0.,0.));
#2561=DIRECTION('center_axis',(-1.,0.,0.));
#2562=DIRECTION('ref_axis',(0.,6.12323399573677E-17,-1.));
#2563=DIRECTION('',(-1.,0.,0.));
#2564=DIRECTION('center_axis',(-1.,0.,0.));
#2565=DIRECTION('ref_axis',(0.,-0.258819045102521,-0.965925826289068));
#2566=DIRECTION('',(-1.,0.,0.));
#2567=DIRECTION('center_axis',(-1.,0.,0.));
#2568=DIRECTION('ref_axis',(0.,-0.5,-0.866025403784439));
#2569=DIRECTION('',(-1.,0.,0.));
#2570=DIRECTION('center_axis',(-1.,0.,0.));
#2571=DIRECTION('ref_axis',(0.,-0.707106781186547,-0.707106781186548));
#2572=DIRECTION('',(-1.,0.,0.));
#2573=DIRECTION('center_axis',(-1.,0.,0.));
#2574=DIRECTION('ref_axis',(0.,-0.866025403784438,-0.5));
#2575=DIRECTION('',(-1.,0.,0.));
#2576=DIRECTION('center_axis',(-1.,0.,0.));
#2577=DIRECTION('ref_axis',(0.,-0.965925826289068,-0.258819045102521));
#2578=DIRECTION('',(-1.,0.,0.));
#2579=DIRECTION('center_axis',(-1.,0.,0.));
#2580=DIRECTION('ref_axis',(0.,-1.,-1.22464679914735E-16));
#2581=DIRECTION('',(-1.,0.,0.));
#2582=DIRECTION('center_axis',(-1.,0.,0.));
#2583=DIRECTION('ref_axis',(0.,-0.965925826289069,0.25881904510252));
#2584=DIRECTION('',(-1.,0.,0.));
#2585=DIRECTION('center_axis',(-1.,0.,0.));
#2586=DIRECTION('ref_axis',(0.,-0.866025403784439,0.5));
#2587=DIRECTION('',(-1.,0.,0.));
#2588=DIRECTION('center_axis',(-1.,0.,0.));
#2589=DIRECTION('ref_axis',(0.,-0.707106781186548,0.707106781186547));
#2590=DIRECTION('',(-1.,0.,0.));
#2591=DIRECTION('center_axis',(-1.,0.,0.));
#2592=DIRECTION('ref_axis',(0.,-0.5,0.866025403784438));
#2593=DIRECTION('',(-1.,0.,0.));
#2594=DIRECTION('center_axis',(-1.,0.,0.));
#2595=DIRECTION('ref_axis',(0.,-0.258819045102522,0.965925826289068));
#2596=DIRECTION('',(-1.,0.,0.));
#2597=DIRECTION('center_axis',(-1.,0.,0.));
#2598=DIRECTION('ref_axis',(0.,-1.83697019872103E-16,1.));
#2599=DIRECTION('',(-1.,0.,0.));
#2600=DIRECTION('center_axis',(-1.,0.,0.));
#2601=DIRECTION('ref_axis',(0.,0.25881904510252,0.965925826289069));
#2602=DIRECTION('',(-1.,0.,0.));
#2603=DIRECTION('center_axis',(-1.,0.,0.));
#2604=DIRECTION('ref_axis',(0.,0.499999999999999,0.866025403784439));
#2605=DIRECTION('',(-1.,0.,0.));
#2606=DIRECTION('center_axis',(-1.,0.,0.));
#2607=DIRECTION('ref_axis',(0.,0.707106781186547,0.707106781186548));
#2608=DIRECTION('',(-1.,0.,0.));
#2609=DIRECTION('center_axis',(-1.,0.,0.));
#2610=DIRECTION('ref_axis',(0.,0.866025403784438,0.5));
#2611=DIRECTION('',(-1.,0.,0.));
#2612=DIRECTION('center_axis',(-1.,0.,0.));
#2613=DIRECTION('ref_axis',(0.,0.965925826289068,0.258819045102522));
#2614=DIRECTION('',(-1.,0.,0.));
#2615=CARTESIAN_POINT('',(0.,0.,0.));
#2616=CARTESIAN_POINT('Origin',(-18.2013733708808,29.8517981112497,35.3021114165957));
#2617=CARTESIAN_POINT('',(-13.4027467417569,30.8517981112497,35.3021114165957));
#2618=CARTESIAN_POINT('',(8.59725325824309,30.8517981112497,35.3021114165957));
#2619=CARTESIAN_POINT('',(-18.2013733708808,30.8517981112497,35.3021114165957));
#2620=CARTESIAN_POINT('',(7.59725325824309,29.8517981112497,34.3021114165957));
#2621=CARTESIAN_POINT('Origin',(8.59725325824309,29.8517981112497,35.3021114165957));
#2622=CARTESIAN_POINT('',(-12.4027467417569,29.8517981112497,34.3021114165957));
#2623=CARTESIAN_POINT('',(-18.2013733708808,29.8517981112497,34.3021114165957));
#2624=CARTESIAN_POINT('Origin',(-13.4027467417569,29.8517981112497,35.3021114165957));
#2625=CARTESIAN_POINT('Origin',(8.59725325824309,29.8517981112497,30.3439125078806));
#2626=CARTESIAN_POINT('',(8.59725325824309,30.8517981112497,23.3021114165957));
#2627=CARTESIAN_POINT('',(8.59725325824309,30.8517981112497,30.3439125078806));
#2628=CARTESIAN_POINT('',(7.59725325824309,29.8517981112497,24.3021114165957));
#2629=CARTESIAN_POINT('Origin',(8.59725325824309,29.8517981112497,23.3021114165957));
#2630=CARTESIAN_POINT('',(7.59725325824308,29.8517981112497,30.3439125078806));
#2631=CARTESIAN_POINT('Origin',(-13.4027467417569,29.8517981112497,35.3439125078806));
#2632=CARTESIAN_POINT('',(-12.4027467417569,29.8517981112497,24.3021114165957));
#2633=CARTESIAN_POINT('',(-12.4027467417569,29.8517981112497,35.3439125078806));
#2634=CARTESIAN_POINT('',(-13.4027467417569,30.8517981112497,23.3021114165957));
#2635=CARTESIAN_POINT('Origin',(-13.4027467417569,29.8517981112497,23.3021114165957));
#2636=CARTESIAN_POINT('',(-13.4027467417569,30.8517981112497,35.3439125078806));
#2637=CARTESIAN_POINT('Origin',(-28.2013733708808,29.8517981112497,23.3021114165957));
#2638=CARTESIAN_POINT('',(-28.2013733708808,30.8517981112497,23.3021114165957));
#2639=CARTESIAN_POINT('',(-28.2013733708808,29.8517981112497,24.3021114165957));
#2640=CARTESIAN_POINT('Origin',(-44.0000000000047,30.8517981112497,36.3857135991655));
#2641=CARTESIAN_POINT('',(40.9999999999953,30.8517981112497,40.3857135991655));
#2642=CARTESIAN_POINT('',(-45.0000000000047,30.8517981112497,40.3857135991655));
#2643=CARTESIAN_POINT('',(-23.0000000000047,30.8517981112497,40.3857135991655));
#2644=CARTESIAN_POINT('',(40.9999999999953,30.8517981112497,6.38571359916552));
#2645=CARTESIAN_POINT('',(40.9999999999953,30.8517981112497,36.3857135991655));
#2646=CARTESIAN_POINT('',(-45.0000000000047,30.8517981112497,6.38571359916552));
#2647=CARTESIAN_POINT('',(-23.0000000000047,30.8517981112497,6.38571359916552));
#2648=CARTESIAN_POINT('',(-45.0000000000047,30.8517981112497,36.3857135991655));
#2649=CARTESIAN_POINT('Origin',(40.4000009946525,-32.5999992713332,6.41071359916551));
#2650=CARTESIAN_POINT('',(40.9000009946525,-32.5999992713332,6.38571359916551));
#2651=CARTESIAN_POINT('Origin',(40.4000009946525,-32.5999992713332,6.38571359916551));
#2652=CARTESIAN_POINT('',(40.8500009946525,-32.5999992713332,6.43571359916551));
#2653=CARTESIAN_POINT('',(40.8750009946525,-32.5999992713332,6.41071359916551));
#2654=CARTESIAN_POINT('Origin',(40.4000009946525,-32.5999992713332,6.4357135991655));
#2655=CARTESIAN_POINT('Origin',(40.4000009946525,-32.5999992713332,7.13571359916551));
#2656=CARTESIAN_POINT('',(40.8500009946525,-32.5999992713332,7.88571359916551));
#2657=CARTESIAN_POINT('',(40.8500009946525,-32.5999992713332,7.13571359916551));
#2658=CARTESIAN_POINT('Origin',(40.4000009946525,-32.5999992713332,7.88571359916551));
#2659=CARTESIAN_POINT('Origin',(40.4000009946525,-32.5999992713332,7.88571359916551));
#2660=CARTESIAN_POINT('Origin',(40.4000009946525,30.3000007286668,6.41071359916551));
#2661=CARTESIAN_POINT('',(40.9000009946525,30.3000007286668,6.38571359916551));
#2662=CARTESIAN_POINT('Origin',(40.4000009946525,30.3000007286668,6.38571359916551));
#2663=CARTESIAN_POINT('',(40.8500009946525,30.3000007286668,6.43571359916551));
#2664=CARTESIAN_POINT('',(40.8750009946525,30.3000007286668,6.41071359916551));
#2665=CARTESIAN_POINT('Origin',(40.4000009946525,30.3000007286668,6.4357135991655));
#2666=CARTESIAN_POINT('Origin',(40.4000009946525,30.3000007286668,7.13571359916551));
#2667=CARTESIAN_POINT('',(40.8500009946525,30.3000007286668,7.88571359916551));
#2668=CARTESIAN_POINT('',(40.8500009946525,30.3000007286668,7.13571359916551));
#2669=CARTESIAN_POINT('Origin',(40.4000009946525,30.3000007286668,7.88571359916551));
#2670=CARTESIAN_POINT('Origin',(40.4000009946525,30.3000007286668,7.88571359916551));
#2671=CARTESIAN_POINT('Origin',(-44.3999990053475,-32.5999992713332,6.41071359916551));
#2672=CARTESIAN_POINT('',(-43.8999990053475,-32.5999992713332,6.38571359916551));
#2673=CARTESIAN_POINT('Origin',(-44.3999990053475,-32.5999992713332,6.38571359916551));
#2674=CARTESIAN_POINT('',(-43.9499990053475,-32.5999992713332,6.43571359916551));
#2675=CARTESIAN_POINT('',(-43.9249990053475,-32.5999992713332,6.41071359916551));
#2676=CARTESIAN_POINT('Origin',(-44.3999990053475,-32.5999992713332,6.4357135991655));
#2677=CARTESIAN_POINT('Origin',(-44.3999990053475,-32.5999992713332,7.13571359916551));
#2678=CARTESIAN_POINT('',(-43.9499990053475,-32.5999992713332,7.88571359916551));
#2679=CARTESIAN_POINT('',(-43.9499990053475,-32.5999992713332,7.13571359916551));
#2680=CARTESIAN_POINT('Origin',(-44.3999990053475,-32.5999992713332,7.88571359916551));
#2681=CARTESIAN_POINT('Origin',(-44.3999990053475,-32.5999992713332,7.88571359916551));
#2682=CARTESIAN_POINT('Origin',(-44.3999990053475,30.3000007286668,6.41071359916551));
#2683=CARTESIAN_POINT('',(-43.8999990053475,30.3000007286668,6.38571359916551));
#2684=CARTESIAN_POINT('Origin',(-44.3999990053475,30.3000007286668,6.38571359916551));
#2685=CARTESIAN_POINT('',(-43.9499990053475,30.3000007286668,6.43571359916551));
#2686=CARTESIAN_POINT('',(-43.9249990053475,30.3000007286668,6.41071359916551));
#2687=CARTESIAN_POINT('Origin',(-44.3999990053475,30.3000007286668,6.4357135991655));
#2688=CARTESIAN_POINT('Origin',(-44.3999990053475,30.3000007286668,7.13571359916551));
#2689=CARTESIAN_POINT('',(-43.9499990053475,30.3000007286668,7.88571359916551));
#2690=CARTESIAN_POINT('',(-43.9499990053475,30.3000007286668,7.13571359916551));
#2691=CARTESIAN_POINT('Origin',(-44.3999990053475,30.3000007286668,7.88571359916551));
#2692=CARTESIAN_POINT('Origin',(-44.3999990053475,30.3000007286668,7.88571359916551));
#2693=CARTESIAN_POINT('Origin',(40.4000009946525,-1.14999927133322,7.13571359916551));
#2694=CARTESIAN_POINT('',(39.9999999999953,-1.35615262268422,7.88571359916551));
#2695=CARTESIAN_POINT('',(39.9999999999953,-1.35615262268422,6.4357135991655));
#2696=CARTESIAN_POINT('',(39.9999999999953,-1.35615262268422,7.13571359916551));
#2697=CARTESIAN_POINT('',(39.9999999999953,-0.943845919982216,7.88571359916551));
#2698=CARTESIAN_POINT('Origin',(40.4000009946525,-1.14999927133322,7.88571359916551));
#2699=CARTESIAN_POINT('',(39.9999999999953,-0.943845919982216,6.4357135991655));
#2700=CARTESIAN_POINT('',(39.9999999999953,-0.943845919982216,7.13571359916551));
#2701=CARTESIAN_POINT('Origin',(40.4000009946525,-1.14999927133322,6.4357135991655));
#2702=CARTESIAN_POINT('Origin',(40.4000009946525,-1.14999927133322,6.41071359916551));
#2703=CARTESIAN_POINT('',(39.9999999999953,-1.44999794511904,6.38571359916551));
#2704=CARTESIAN_POINT('Ctrl Pts',(39.9999999999953,-1.35615262268422,6.43571359916551));
#2705=CARTESIAN_POINT('Ctrl Pts',(39.9999999999953,-1.40060567015333,6.41534883313545));
#2706=CARTESIAN_POINT('Ctrl Pts',(39.9999999999953,-1.44999794511903,6.38571359916551));
#2707=CARTESIAN_POINT('',(39.9999999999953,-0.8500005975474,6.38571359916551));
#2708=CARTESIAN_POINT('Ctrl Pts',(39.9999999999953,-0.850000597547409,6.38571359916551));
#2709=CARTESIAN_POINT('Ctrl Pts',(39.9999999999953,-0.8993928725131,6.41534883313545));
#2710=CARTESIAN_POINT('Ctrl Pts',(39.9999999999953,-0.943845919982218,6.43571359916551));
#2711=CARTESIAN_POINT('Origin',(40.4000009946525,-1.14999927133322,6.38571359916551));
#2712=CARTESIAN_POINT('Origin',(40.4000009946525,-1.14999927133322,7.88571359916551));
#2713=CARTESIAN_POINT('',(39.9999999999953,14.3508994199582,7.88571359916551));
#2714=CARTESIAN_POINT('Origin',(-44.3999990053475,-1.14999927133321,6.41071359916551));
#2715=CARTESIAN_POINT('',(-44.0000000000047,-0.94384206014535,6.4357135991655));
#2716=CARTESIAN_POINT('',(-44.0000000000047,-0.849997945128216,6.38571359916551));
#2717=CARTESIAN_POINT('Ctrl Pts',(-44.0000000000047,-0.943842060145342,
6.4357135991655));
#2718=CARTESIAN_POINT('Ctrl Pts',(-44.0000000000047,-0.899389584610933,
6.41534871386201));
#2719=CARTESIAN_POINT('Ctrl Pts',(-44.0000000000047,-0.849997945128218,
6.38571359916551));
#2720=CARTESIAN_POINT('',(-44.0000000000047,-1.35615648252108,6.4357135991655));
#2721=CARTESIAN_POINT('Origin',(-44.3999990053475,-1.14999927133321,6.4357135991655));
#2722=CARTESIAN_POINT('',(-44.0000000000047,-1.45000059753821,6.38571359916551));
#2723=CARTESIAN_POINT('Ctrl Pts',(-44.0000000000047,-1.45000059753821,6.38571359916551));
#2724=CARTESIAN_POINT('Ctrl Pts',(-44.0000000000047,-1.40060895805549,6.41534871386201));
#2725=CARTESIAN_POINT('Ctrl Pts',(-44.0000000000047,-1.35615648252108,6.4357135991655));
#2726=CARTESIAN_POINT('Origin',(-44.3999990053475,-1.14999927133321,6.38571359916551));
#2727=CARTESIAN_POINT('Origin',(-44.3999990053475,-1.14999927133321,7.13571359916551));
#2728=CARTESIAN_POINT('',(-44.0000000000047,-0.94384206014535,7.88571359916551));
#2729=CARTESIAN_POINT('',(-44.0000000000047,-0.94384206014535,7.13571359916551));
#2730=CARTESIAN_POINT('',(-44.0000000000047,-1.35615648252108,7.88571359916551));
#2731=CARTESIAN_POINT('Origin',(-44.3999990053475,-1.14999927133321,7.88571359916551));
#2732=CARTESIAN_POINT('',(-44.0000000000047,-1.35615648252108,7.13571359916551));
#2733=CARTESIAN_POINT('Origin',(-44.3999990053475,-1.14999927133321,7.88571359916551));
#2734=CARTESIAN_POINT('',(-44.0000000000047,-16.6491005800418,7.88571359916551));
#2735=CARTESIAN_POINT('Origin',(40.9999999999953,8.00000007450581,31.0000004470348));
#2736=CARTESIAN_POINT('',(40.9999999999953,7.75000007450581,31.0000004470348));
#2737=CARTESIAN_POINT('Origin',(40.9999999999953,8.00000007450581,31.0000004470348));
#2738=CARTESIAN_POINT('',(39.9999999999953,7.75000007450581,31.0000004470348));
#2739=CARTESIAN_POINT('',(40.9999999999953,7.75000007450581,31.0000004470348));
#2740=CARTESIAN_POINT('Origin',(39.9999999999953,8.00000007450581,31.0000004470348));
#2741=CARTESIAN_POINT('Origin',(40.9999999999953,7.99999988824129,31.9999992847443));
#2742=CARTESIAN_POINT('',(40.9999999999953,7.74999988824129,31.9999992847443));
#2743=CARTESIAN_POINT('Origin',(40.9999999999953,7.99999988824129,31.9999992847443));
#2744=CARTESIAN_POINT('',(39.9999999999953,7.74999988824129,31.9999992847443));
#2745=CARTESIAN_POINT('',(40.9999999999953,7.74999988824129,31.9999992847443));
#2746=CARTESIAN_POINT('Origin',(39.9999999999953,7.99999988824129,31.9999992847443));
#2747=CARTESIAN_POINT('Origin',(40.9999999999953,8.00000007450581,30.0000004470348));
#2748=CARTESIAN_POINT('',(40.9999999999953,7.75000007450581,30.0000004470348));
#2749=CARTESIAN_POINT('Origin',(40.9999999999953,8.00000007450581,30.0000004470348));
#2750=CARTESIAN_POINT('',(39.9999999999953,7.75000007450581,30.0000004470348));
#2751=CARTESIAN_POINT('',(40.9999999999953,7.75000007450581,30.0000004470348));
#2752=CARTESIAN_POINT('Origin',(39.9999999999953,8.00000007450581,30.0000004470348));
#2753=CARTESIAN_POINT('Origin',(40.9999999999953,7.99999988824129,32.9999992623925));
#2754=CARTESIAN_POINT('',(40.9999999999953,7.74999988824129,32.9999992623925));
#2755=CARTESIAN_POINT('Origin',(40.9999999999953,7.99999988824129,32.9999992623925));
#2756=CARTESIAN_POINT('',(39.9999999999953,7.74999988824129,32.9999992623925));
#2757=CARTESIAN_POINT('',(40.9999999999953,7.74999988824129,32.9999992623925));
#2758=CARTESIAN_POINT('Origin',(39.9999999999953,7.99999988824129,32.9999992623925));
#2759=CARTESIAN_POINT('Origin',(40.4999999999953,14.3517981112497,40.8857135991655));
#2760=CARTESIAN_POINT('',(39.9999999999953,29.8517981112497,41.3857135991655));
#2761=CARTESIAN_POINT('',(39.9999999999953,-32.1482018887503,41.3857135991655));
#2762=CARTESIAN_POINT('',(39.9999999999953,29.8517981112497,41.3857135991655));
#2763=CARTESIAN_POINT('',(40.9999999999953,-33.1482018887503,40.3857135991655));
#2764=CARTESIAN_POINT('',(39.9999999999953,-32.1482018887503,41.3857135991655));
#2765=CARTESIAN_POINT('',(40.9999999999953,14.3517981112497,40.3857135991655));
#2766=CARTESIAN_POINT('',(39.9999999999953,29.8517981112497,41.3857135991655));
#2767=CARTESIAN_POINT('Origin',(18.9999999999953,-32.6482018887503,40.8857135991655));
#2768=CARTESIAN_POINT('',(-44.0000000000047,-32.1482018887503,41.3857135991655));
#2769=CARTESIAN_POINT('',(39.9999999999953,-32.1482018887503,41.3857135991655));
#2770=CARTESIAN_POINT('',(-45.0000000000047,-33.1482018887503,40.3857135991655));
#2771=CARTESIAN_POINT('',(-44.0000000000047,-32.1482018887503,41.3857135991655));
#2772=CARTESIAN_POINT('',(18.9999999999953,-33.1482018887503,40.3857135991655));
#2773=CARTESIAN_POINT('Origin',(-44.5000000000047,-16.6482018887503,40.8857135991655));
#2774=CARTESIAN_POINT('',(-44.0000000000047,29.8517981112497,41.3857135991655));
#2775=CARTESIAN_POINT('',(-44.0000000000047,-32.1482018887503,41.3857135991655));
#2776=CARTESIAN_POINT('',(-44.0000000000047,29.8517981112497,41.3857135991655));
#2777=CARTESIAN_POINT('',(-45.0000000000047,-16.6482018887503,40.3857135991655));
#2778=CARTESIAN_POINT('Origin',(-23.0000000000047,30.3517981112497,40.8857135991655));
#2779=CARTESIAN_POINT('',(-44.0000000000047,29.8517981112497,41.3857135991655));
#2780=CARTESIAN_POINT('Origin',(40.9999999999953,29.8517981112497,36.3857135991655));
#2781=CARTESIAN_POINT('',(40.9999999999953,-33.1482018887503,6.38571359916551));
#2782=CARTESIAN_POINT('',(40.9999999999953,-33.1482018887503,36.3857135991655));
#2783=CARTESIAN_POINT('',(40.9999999999953,14.3517981112497,6.38571359916552));
#2784=CARTESIAN_POINT('',(40.9999999999953,6.98206160931626,32.833071972141));
#2785=CARTESIAN_POINT('Origin',(40.9999999999953,7.22354306588853,32.8977767334166));
#2786=CARTESIAN_POINT('',(40.9999999999953,6.28349415457105,32.4730755393255));
#2787=CARTESIAN_POINT('Origin',(40.9999999999953,6.50000050551716,32.5980755393255));
#2788=CARTESIAN_POINT('',(40.9999999999953,5.70190374160924,31.9445431259203));
#2789=CARTESIAN_POINT('Origin',(40.9999999999953,5.87868043690588,32.121319821217));
#2790=CARTESIAN_POINT('',(40.9999999999953,5.27692479595057,31.2834933424578));
#2791=CARTESIAN_POINT('Origin',(40.9999999999953,5.40192479595057,31.4999996934039));
#2792=CARTESIAN_POINT('',(40.9999999999953,5.03751893043077,30.5349756392444));
#2793=CARTESIAN_POINT('Origin',(40.9999999999953,5.1022236917064,30.7764570958167));
#2794=CARTESIAN_POINT('',(40.9999999999953,5.00000125914812,29.7500002607703));
#2795=CARTESIAN_POINT('Origin',(40.9999999999953,5.00000125914812,30.0000002607703));
#2796=CARTESIAN_POINT('',(40.9999999999953,5.16692854939964,28.9820619818453));
#2797=CARTESIAN_POINT('Origin',(40.9999999999953,5.10222378812401,29.2235434384176));
#2798=CARTESIAN_POINT('',(40.9999999999953,5.52692498221509,28.2834945271001));
#2799=CARTESIAN_POINT('Origin',(40.9999999999953,5.40192498221509,28.5000008780462));
#2800=CARTESIAN_POINT('',(40.9999999999953,6.05545739562031,27.7019041141383));
#2801=CARTESIAN_POINT('Origin',(40.9999999999953,5.87868070032368,27.8786808094349));
#2802=CARTESIAN_POINT('',(40.9999999999953,6.71650717908287,27.2769251684796));
#2803=CARTESIAN_POINT('Origin',(40.9999999999953,6.50000082813676,27.4019251684796));
#2804=CARTESIAN_POINT('',(40.9999999999953,7.46502488229621,27.0375193029598));
#2805=CARTESIAN_POINT('Origin',(40.9999999999953,7.22354342572394,27.1022240642354));
#2806=CARTESIAN_POINT('',(40.9999999999953,8.25000026077032,27.0000016316772));
#2807=CARTESIAN_POINT('Origin',(40.9999999999953,8.00000026077032,27.0000016316772));
#2808=CARTESIAN_POINT('',(40.9999999999953,9.01793853969535,27.1669289219287));
#2809=CARTESIAN_POINT('Origin',(40.9999999999953,8.77645708312308,27.102224160653));
#2810=CARTESIAN_POINT('',(40.9999999999953,9.71650599444056,27.5269253547441));
#2811=CARTESIAN_POINT('Origin',(40.9999999999953,9.49999964349445,27.4019253547441));
#2812=CARTESIAN_POINT('',(40.9999999999953,10.2980964074024,28.0554577681493));
#2813=CARTESIAN_POINT('Origin',(40.9999999999953,10.1213197121057,27.8786810728527));
#2814=CARTESIAN_POINT('',(40.9999999999953,10.723075353061,28.7165075516119));
#2815=CARTESIAN_POINT('Origin',(40.9999999999953,10.598075353061,28.5000012006658));
#2816=CARTESIAN_POINT('',(40.9999999999953,10.9624812185808,29.4650252548252));
#2817=CARTESIAN_POINT('Origin',(40.9999999999953,10.8977764573052,29.223543798253));
#2818=CARTESIAN_POINT('',(40.9999999999953,10.9999988898635,30.2500006332994));
#2819=CARTESIAN_POINT('Origin',(40.9999999999953,10.9999988898635,30.0000006332994));
#2820=CARTESIAN_POINT('',(40.9999999999953,10.833071599612,31.0179389122244));
#2821=CARTESIAN_POINT('Origin',(40.9999999999953,10.8977763608876,30.7764574556521));
#2822=CARTESIAN_POINT('',(40.9999999999953,10.4730751667965,31.7165063669696));
#2823=CARTESIAN_POINT('Origin',(40.9999999999953,10.5980751667965,31.5000000160235));
#2824=CARTESIAN_POINT('',(40.9999999999953,9.9445427533913,32.2980967799314));
#2825=CARTESIAN_POINT('Origin',(40.9999999999953,10.1213194486879,32.1213200846348));
#2826=CARTESIAN_POINT('',(40.9999999999953,9.28349296992874,32.7230757255901));
#2827=CARTESIAN_POINT('Origin',(40.9999999999953,9.49999932087484,32.5980757255901));
#2828=CARTESIAN_POINT('',(40.9999999999953,8.5349752667154,32.9624815911099));
#2829=CARTESIAN_POINT('Origin',(40.9999999999953,8.77645672328767,32.8977768298342));
#2830=CARTESIAN_POINT('',(40.9999999999953,7.00366359935118,31.7520875088693));
#2831=CARTESIAN_POINT('Origin',(40.9999999999953,7.234633482479,31.8477583669606));
#2832=CARTESIAN_POINT('',(40.9999999999953,6.40901050699072,31.2374363605388));
#2833=CARTESIAN_POINT('Origin',(40.9999999999953,6.58578720228736,31.4142130558355));
#2834=CARTESIAN_POINT('',(40.9999999999953,6.05657115392809,30.5343968117619));
#2835=CARTESIAN_POINT('Origin',(40.9999999999953,6.15224201201936,30.7653666948897));
#2836=CARTESIAN_POINT('',(40.9999999999953,6.00000123679638,29.7500002607703));
#2837=CARTESIAN_POINT('Origin',(40.9999999999953,6.00000123679638,30.0000002607703));
#2838=CARTESIAN_POINT('',(40.9999999999953,6.24791301267132,29.0036639718802));
#2839=CARTESIAN_POINT('Origin',(40.9999999999953,6.15224215458005,29.234633855008));
#2840=CARTESIAN_POINT('',(40.9999999999953,6.76256416100179,28.4090108795198));
#2841=CARTESIAN_POINT('Origin',(40.9999999999953,6.58578746570516,28.5857875748164));
#2842=CARTESIAN_POINT('',(40.9999999999953,7.46560370977877,28.0565715264571));
#2843=CARTESIAN_POINT('Origin',(40.9999999999953,7.23463382665094,28.1522423845484));
#2844=CARTESIAN_POINT('',(40.9999999999953,8.25000026077032,28.0000016093254));
#2845=CARTESIAN_POINT('Origin',(40.9999999999953,8.00000026077032,28.0000016093254));
#2846=CARTESIAN_POINT('',(40.9999999999953,8.99633654966044,28.2479133852003));
#2847=CARTESIAN_POINT('Origin',(40.9999999999953,8.76536666653261,28.1522425271091));
#2848=CARTESIAN_POINT('',(40.9999999999953,9.5909896420209,28.7625645335308));
#2849=CARTESIAN_POINT('Origin',(40.9999999999953,9.41421294672426,28.5857878382342));
#2850=CARTESIAN_POINT('',(40.9999999999953,9.94342899508353,29.4656040823078));
#2851=CARTESIAN_POINT('Origin',(40.9999999999953,9.84775813699225,29.23463419918));
#2852=CARTESIAN_POINT('',(40.9999999999953,9.99999891221523,30.2500006332994));
#2853=CARTESIAN_POINT('Origin',(40.9999999999953,9.99999891221523,30.0000006332994));
#2854=CARTESIAN_POINT('',(40.9999999999953,9.75208713634029,30.9963369221895));
#2855=CARTESIAN_POINT('Origin',(40.9999999999953,9.84775799443156,30.7653670390616));
#2856=CARTESIAN_POINT('',(40.9999999999953,9.23743598800982,31.5909900145499));
#2857=CARTESIAN_POINT('Origin',(40.9999999999953,9.41421268330646,31.4142133192533));
#2858=CARTESIAN_POINT('',(40.9999999999953,8.53439643923284,31.9434293676126));
#2859=CARTESIAN_POINT('Origin',(40.9999999999953,8.76536632236067,31.8477585095213));
#2860=CARTESIAN_POINT('',(40.9999999999953,7.11611659802262,30.5303305329248));
#2861=CARTESIAN_POINT('Origin',(40.9999999999953,7.29289329331926,30.7071072282214));
#2862=CARTESIAN_POINT('',(40.9999999999953,7.0000000745058,29.7500004470348));
#2863=CARTESIAN_POINT('Origin',(40.9999999999953,7.0000000745058,30.0000004470348));
#2864=CARTESIAN_POINT('',(40.9999999999953,7.46966998861589,29.1161169705517));
#2865=CARTESIAN_POINT('Origin',(40.9999999999953,7.29289329331925,29.2928936658483));
#2866=CARTESIAN_POINT('',(40.9999999999953,8.2500000745058,29.0000004470348));
#2867=CARTESIAN_POINT('Origin',(40.9999999999953,8.00000007450581,29.0000004470348));
#2868=CARTESIAN_POINT('',(40.9999999999953,8.88388355098899,29.4696703611449));
#2869=CARTESIAN_POINT('Origin',(40.9999999999953,8.70710685569235,29.2928936658483));
#2870=CARTESIAN_POINT('',(40.9999999999953,9.00000007450581,30.2500004470348));
#2871=CARTESIAN_POINT('Origin',(40.9999999999953,9.00000007450581,30.0000004470348));
#2872=CARTESIAN_POINT('',(40.9999999999953,8.53033016039572,30.883883923518));
#2873=CARTESIAN_POINT('Origin',(40.9999999999953,8.70710685569235,30.7071072282214));
#2874=CARTESIAN_POINT('Origin',(-38.5790125066044,-33.2211038573698,11.0551694266144));
#2875=CARTESIAN_POINT('',(-39.8290125066044,-33.1482018887503,11.0551694266144));
#2876=CARTESIAN_POINT('Origin',(-38.5790125066044,-33.1482018887503,11.0551694266144));
#2877=CARTESIAN_POINT('',(-39.8290125066044,-32.1482018887503,11.0551694266144));
#2878=CARTESIAN_POINT('',(-39.8290125066044,-33.2211038573698,11.0551694266144));
#2879=CARTESIAN_POINT('Origin',(-38.5790125066044,-32.1482018887503,11.0551694266144));
#2880=CARTESIAN_POINT('Origin',(-38.5790125066044,-33.2211038573698,27.3151694266144));
#2881=CARTESIAN_POINT('',(-39.8290125066044,-33.1482018887503,27.3151694266144));
#2882=CARTESIAN_POINT('Origin',(-38.5790125066044,-33.1482018887503,27.3151694266144));
#2883=CARTESIAN_POINT('',(-39.8290125066044,-32.1482018887503,27.3151694266144));
#2884=CARTESIAN_POINT('',(-39.8290125066044,-33.2211038573698,27.3151694266144));
#2885=CARTESIAN_POINT('Origin',(-38.5790125066044,-32.1482018887503,27.3151694266144));
#2886=CARTESIAN_POINT('Origin',(28.6209874933956,-33.1482018887503,10.1751694266136));
#2887=CARTESIAN_POINT('',(-33.8790125066044,-32.1482018887503,10.1751694266136));
#2888=CARTESIAN_POINT('',(28.6209874933956,-32.1482018887503,10.1751694266136));
#2889=CARTESIAN_POINT('',(34.3104937466955,-32.1482018887503,10.1751694266136));
#2890=CARTESIAN_POINT('',(-33.8790125066044,-33.1482018887503,10.1751694266136));
#2891=CARTESIAN_POINT('',(-33.8790125066044,-33.1482018887503,10.1751694266136));
#2892=CARTESIAN_POINT('',(28.6209874933956,-33.1482018887503,10.1751694266136));
#2893=CARTESIAN_POINT('',(18.6854937466955,-33.1482018887503,10.1751694266136));
#2894=CARTESIAN_POINT('',(28.6209874933956,-33.1482018887503,10.1751694266136));
#2895=CARTESIAN_POINT('Origin',(28.6209874933956,-33.1482018887503,28.0751694266136));
#2896=CARTESIAN_POINT('',(28.6209874933956,-32.1482018887503,28.0751694266136));
#2897=CARTESIAN_POINT('',(28.6209874933956,-32.1482018887503,32.2304415128896));
#2898=CARTESIAN_POINT('',(28.6209874933956,-33.1482018887503,28.0751694266136));
#2899=CARTESIAN_POINT('',(28.6209874933956,-33.1482018887503,27.7554415128896));
#2900=CARTESIAN_POINT('',(28.6209874933956,-33.1482018887503,28.0751694266136));
#2901=CARTESIAN_POINT('Origin',(-33.8790125066044,-33.1482018887503,28.0751694266136));
#2902=CARTESIAN_POINT('',(-33.8790125066044,-32.1482018887503,28.0751694266136));
#2903=CARTESIAN_POINT('',(3.06049374669546,-32.1482018887503,28.0751694266136));
#2904=CARTESIAN_POINT('',(-33.8790125066044,-33.1482018887503,28.0751694266136));
#2905=CARTESIAN_POINT('',(18.6854937466955,-33.1482018887503,28.0751694266136));
#2906=CARTESIAN_POINT('',(-33.8790125066044,-33.1482018887503,28.0751694266136));
#2907=CARTESIAN_POINT('Origin',(-33.8790125066044,-33.1482018887503,10.1751694266136));
#2908=CARTESIAN_POINT('',(-33.8790125066044,-32.1482018887503,23.2804415128896));
#2909=CARTESIAN_POINT('',(-33.8790125066044,-33.1482018887503,27.7554415128896));
#2910=CARTESIAN_POINT('Origin',(-44.0000000000047,-32.1482018887503,36.3857135991655));
#2911=CARTESIAN_POINT('',(-44.0000000000047,29.8517981112497,6.38571359916552));
#2912=CARTESIAN_POINT('',(-44.0000000000047,-32.1482018887503,6.38571359916551));
#2913=CARTESIAN_POINT('',(-44.0000000000047,29.8517981112497,36.3857135991655));
#2914=CARTESIAN_POINT('',(-44.0000000000047,-32.1482018887503,6.38571359916551));
#2915=CARTESIAN_POINT('',(-44.0000000000047,-32.1482018887503,36.3857135991655));
#2916=CARTESIAN_POINT('',(-44.0000000000047,-32.1482018887503,6.38571359916551));
#2917=CARTESIAN_POINT('Origin',(39.9999999999953,-32.1482018887503,36.3857135991655));
#2918=CARTESIAN_POINT('',(39.9999999999953,-32.1482018887503,6.38571359916551));
#2919=CARTESIAN_POINT('',(39.9999999999953,-32.1482018887503,36.3857135991655));
#2920=CARTESIAN_POINT('',(39.9999999999953,-32.1482018887503,6.38571359916551));
#2921=CARTESIAN_POINT('Origin',(39.9999999999953,29.8517981112497,36.3857135991655));
#2922=CARTESIAN_POINT('',(39.9999999999953,29.8517981112497,6.38571359916552));
#2923=CARTESIAN_POINT('',(39.9999999999953,29.8517981112497,6.38571359916552));
#2924=CARTESIAN_POINT('',(39.9999999999953,29.8517981112497,36.3857135991655));
#2925=CARTESIAN_POINT('',(39.9999999999953,29.8517981112497,6.38571359916552));
#2926=CARTESIAN_POINT('',(39.9999999999953,8.53033016039572,30.883883923518));
#2927=CARTESIAN_POINT('Origin',(39.9999999999953,8.70710685569235,30.7071072282214));
#2928=CARTESIAN_POINT('',(39.9999999999953,9.00000007450581,30.2500004470348));
#2929=CARTESIAN_POINT('Origin',(39.9999999999953,9.00000007450581,30.0000004470348));
#2930=CARTESIAN_POINT('',(39.9999999999953,8.88388355098899,29.4696703611449));
#2931=CARTESIAN_POINT('Origin',(39.9999999999953,8.70710685569235,29.2928936658483));
#2932=CARTESIAN_POINT('',(39.9999999999953,8.2500000745058,29.0000004470348));
#2933=CARTESIAN_POINT('Origin',(39.9999999999953,8.00000007450581,29.0000004470348));
#2934=CARTESIAN_POINT('',(39.9999999999953,7.46966998861589,29.1161169705517));
#2935=CARTESIAN_POINT('Origin',(39.9999999999953,7.29289329331925,29.2928936658483));
#2936=CARTESIAN_POINT('',(39.9999999999953,7.0000000745058,29.7500004470348));
#2937=CARTESIAN_POINT('Origin',(39.9999999999953,7.0000000745058,30.0000004470348));
#2938=CARTESIAN_POINT('',(39.9999999999953,7.11611659802262,30.5303305329248));
#2939=CARTESIAN_POINT('Origin',(39.9999999999953,7.29289329331926,30.7071072282214));
#2940=CARTESIAN_POINT('',(39.9999999999953,8.53439643923284,31.9434293676126));
#2941=CARTESIAN_POINT('Origin',(39.9999999999953,8.76536632236067,31.8477585095213));
#2942=CARTESIAN_POINT('',(39.9999999999953,9.23743598800982,31.5909900145499));
#2943=CARTESIAN_POINT('Origin',(39.9999999999953,9.41421268330646,31.4142133192533));
#2944=CARTESIAN_POINT('',(39.9999999999953,9.75208713634029,30.9963369221895));
#2945=CARTESIAN_POINT('Origin',(39.9999999999953,9.84775799443156,30.7653670390616));
#2946=CARTESIAN_POINT('',(39.9999999999953,9.99999891221523,30.2500006332994));
#2947=CARTESIAN_POINT('Origin',(39.9999999999953,9.99999891221523,30.0000006332994));
#2948=CARTESIAN_POINT('',(39.9999999999953,9.94342899508353,29.4656040823078));
#2949=CARTESIAN_POINT('Origin',(39.9999999999953,9.84775813699225,29.23463419918));
#2950=CARTESIAN_POINT('',(39.9999999999953,9.5909896420209,28.7625645335308));
#2951=CARTESIAN_POINT('Origin',(39.9999999999953,9.41421294672426,28.5857878382342));
#2952=CARTESIAN_POINT('',(39.9999999999953,8.99633654966044,28.2479133852003));
#2953=CARTESIAN_POINT('Origin',(39.9999999999953,8.76536666653261,28.1522425271091));
#2954=CARTESIAN_POINT('',(39.9999999999953,8.25000026077032,28.0000016093254));
#2955=CARTESIAN_POINT('Origin',(39.9999999999953,8.00000026077032,28.0000016093254));
#2956=CARTESIAN_POINT('',(39.9999999999953,7.46560370977877,28.0565715264571));
#2957=CARTESIAN_POINT('Origin',(39.9999999999953,7.23463382665094,28.1522423845484));
#2958=CARTESIAN_POINT('',(39.9999999999953,6.76256416100179,28.4090108795198));
#2959=CARTESIAN_POINT('Origin',(39.9999999999953,6.58578746570516,28.5857875748164));
#2960=CARTESIAN_POINT('',(39.9999999999953,6.24791301267132,29.0036639718802));
#2961=CARTESIAN_POINT('Origin',(39.9999999999953,6.15224215458005,29.234633855008));
#2962=CARTESIAN_POINT('',(39.9999999999953,6.00000123679638,29.7500002607703));
#2963=CARTESIAN_POINT('Origin',(39.9999999999953,6.00000123679638,30.0000002607703));
#2964=CARTESIAN_POINT('',(39.9999999999953,6.05657115392809,30.5343968117619));
#2965=CARTESIAN_POINT('Origin',(39.9999999999953,6.15224201201936,30.7653666948897));
#2966=CARTESIAN_POINT('',(39.9999999999953,6.40901050699072,31.2374363605388));
#2967=CARTESIAN_POINT('Origin',(39.9999999999953,6.58578720228736,31.4142130558355));
#2968=CARTESIAN_POINT('',(39.9999999999953,7.00366359935118,31.7520875088693));
#2969=CARTESIAN_POINT('Origin',(39.9999999999953,7.234633482479,31.8477583669606));
#2970=CARTESIAN_POINT('',(39.9999999999953,8.5349752667154,32.9624815911099));
#2971=CARTESIAN_POINT('Origin',(39.9999999999953,8.77645672328767,32.8977768298342));
#2972=CARTESIAN_POINT('',(39.9999999999953,9.28349296992874,32.7230757255901));
#2973=CARTESIAN_POINT('Origin',(39.9999999999953,9.49999932087484,32.5980757255901));
#2974=CARTESIAN_POINT('',(39.9999999999953,9.9445427533913,32.2980967799314));
#2975=CARTESIAN_POINT('Origin',(39.9999999999953,10.1213194486879,32.1213200846348));
#2976=CARTESIAN_POINT('',(39.9999999999953,10.4730751667965,31.7165063669696));
#2977=CARTESIAN_POINT('Origin',(39.9999999999953,10.5980751667965,31.5000000160235));
#2978=CARTESIAN_POINT('',(39.9999999999953,10.833071599612,31.0179389122244));
#2979=CARTESIAN_POINT('Origin',(39.9999999999953,10.8977763608876,30.7764574556521));
#2980=CARTESIAN_POINT('',(39.9999999999953,10.9999988898635,30.2500006332994));
#2981=CARTESIAN_POINT('Origin',(39.9999999999953,10.9999988898635,30.0000006332994));
#2982=CARTESIAN_POINT('',(39.9999999999953,10.9624812185808,29.4650252548252));
#2983=CARTESIAN_POINT('Origin',(39.9999999999953,10.8977764573052,29.223543798253));
#2984=CARTESIAN_POINT('',(39.9999999999953,10.723075353061,28.7165075516119));
#2985=CARTESIAN_POINT('Origin',(39.9999999999953,10.598075353061,28.5000012006658));
#2986=CARTESIAN_POINT('',(39.9999999999953,10.2980964074024,28.0554577681493));
#2987=CARTESIAN_POINT('Origin',(39.9999999999953,10.1213197121057,27.8786810728527));
#2988=CARTESIAN_POINT('',(39.9999999999953,9.71650599444056,27.5269253547441));
#2989=CARTESIAN_POINT('Origin',(39.9999999999953,9.49999964349445,27.4019253547441));
#2990=CARTESIAN_POINT('',(39.9999999999953,9.01793853969535,27.1669289219287));
#2991=CARTESIAN_POINT('Origin',(39.9999999999953,8.77645708312308,27.102224160653));
#2992=CARTESIAN_POINT('',(39.9999999999953,8.25000026077032,27.0000016316772));
#2993=CARTESIAN_POINT('Origin',(39.9999999999953,8.00000026077032,27.0000016316772));
#2994=CARTESIAN_POINT('',(39.9999999999953,7.46502488229621,27.0375193029598));
#2995=CARTESIAN_POINT('Origin',(39.9999999999953,7.22354342572394,27.1022240642354));
#2996=CARTESIAN_POINT('',(39.9999999999953,6.71650717908287,27.2769251684796));
#2997=CARTESIAN_POINT('Origin',(39.9999999999953,6.50000082813676,27.4019251684796));
#2998=CARTESIAN_POINT('',(39.9999999999953,6.05545739562031,27.7019041141383));
#2999=CARTESIAN_POINT('Origin',(39.9999999999953,5.87868070032368,27.8786808094349));
#3000=CARTESIAN_POINT('',(39.9999999999953,5.52692498221509,28.2834945271001));
#3001=CARTESIAN_POINT('Origin',(39.9999999999953,5.40192498221509,28.5000008780462));
#3002=CARTESIAN_POINT('',(39.9999999999953,5.16692854939964,28.9820619818453));
#3003=CARTESIAN_POINT('Origin',(39.9999999999953,5.10222378812401,29.2235434384176));
#3004=CARTESIAN_POINT('',(39.9999999999953,5.00000125914812,29.7500002607703));
#3005=CARTESIAN_POINT('Origin',(39.9999999999953,5.00000125914812,30.0000002607703));
#3006=CARTESIAN_POINT('',(39.9999999999953,5.03751893043077,30.5349756392444));
#3007=CARTESIAN_POINT('Origin',(39.9999999999953,5.1022236917064,30.7764570958167));
#3008=CARTESIAN_POINT('',(39.9999999999953,5.27692479595057,31.2834933424578));
#3009=CARTESIAN_POINT('Origin',(39.9999999999953,5.40192479595057,31.4999996934039));
#3010=CARTESIAN_POINT('',(39.9999999999953,5.70190374160924,31.9445431259203));
#3011=CARTESIAN_POINT('Origin',(39.9999999999953,5.87868043690588,32.121319821217));
#3012=CARTESIAN_POINT('',(39.9999999999953,6.28349415457105,32.4730755393255));
#3013=CARTESIAN_POINT('Origin',(39.9999999999953,6.50000050551716,32.5980755393255));
#3014=CARTESIAN_POINT('',(39.9999999999953,6.98206160931626,32.833071972141));
#3015=CARTESIAN_POINT('Origin',(39.9999999999953,7.22354306588853,32.8977767334166));
#3016=CARTESIAN_POINT('Origin',(-44.0000000000047,29.8517981112497,36.3857135991655));
#3017=CARTESIAN_POINT('',(-44.0000000000047,29.8517981112497,6.38571359916552));
#3018=CARTESIAN_POINT('Origin',(-45.0000000000047,-32.1482018887503,36.3857135991655));
#3019=CARTESIAN_POINT('',(-45.0000000000047,-33.1482018887503,6.38571359916551));
#3020=CARTESIAN_POINT('',(-45.0000000000047,-16.6482018887503,6.38571359916551));
#3021=CARTESIAN_POINT('',(-45.0000000000047,-33.1482018887503,36.3857135991655));
#3022=CARTESIAN_POINT('Origin',(39.9999999999953,-33.1482018887503,36.3857135991655));
#3023=CARTESIAN_POINT('',(18.9999999999953,-33.1482018887503,6.38571359916551));
#3024=CARTESIAN_POINT('Origin',(-2.00000000000467,-1.14820188875032,6.38571359916551));
#3025=CARTESIAN_POINT('Origin',(40.9999999999953,8.70710685569235,30.7071072282214));
#3026=CARTESIAN_POINT('',(40.9999999999953,8.53033016039572,30.883883923518));
#3027=CARTESIAN_POINT('Origin',(40.9999999999953,9.00000007450581,30.0000004470348));
#3028=CARTESIAN_POINT('',(40.9999999999953,9.00000007450581,30.2500004470348));
#3029=CARTESIAN_POINT('Origin',(40.9999999999953,8.70710685569235,29.2928936658483));
#3030=CARTESIAN_POINT('',(40.9999999999953,8.88388355098899,29.4696703611449));
#3031=CARTESIAN_POINT('Origin',(40.9999999999953,8.00000007450581,29.0000004470348));
#3032=CARTESIAN_POINT('',(40.9999999999953,8.2500000745058,29.0000004470348));
#3033=CARTESIAN_POINT('Origin',(40.9999999999953,7.29289329331925,29.2928936658483));
#3034=CARTESIAN_POINT('',(40.9999999999953,7.46966998861589,29.1161169705517));
#3035=CARTESIAN_POINT('Origin',(40.9999999999953,7.0000000745058,30.0000004470348));
#3036=CARTESIAN_POINT('',(40.9999999999953,7.0000000745058,29.7500004470348));
#3037=CARTESIAN_POINT('Origin',(40.9999999999953,7.29289329331926,30.7071072282214));
#3038=CARTESIAN_POINT('',(40.9999999999953,7.11611659802262,30.5303305329248));
#3039=CARTESIAN_POINT('Origin',(40.9999999999953,8.76536632236067,31.8477585095213));
#3040=CARTESIAN_POINT('',(40.9999999999953,8.53439643923284,31.9434293676126));
#3041=CARTESIAN_POINT('Origin',(40.9999999999953,9.41421268330646,31.4142133192533));
#3042=CARTESIAN_POINT('',(40.9999999999953,9.23743598800982,31.5909900145499));
#3043=CARTESIAN_POINT('Origin',(40.9999999999953,9.84775799443156,30.7653670390616));
#3044=CARTESIAN_POINT('',(40.9999999999953,9.75208713634029,30.9963369221895));
#3045=CARTESIAN_POINT('Origin',(40.9999999999953,9.99999891221523,30.0000006332994));
#3046=CARTESIAN_POINT('',(40.9999999999953,9.99999891221523,30.2500006332994));
#3047=CARTESIAN_POINT('Origin',(40.9999999999953,9.84775813699225,29.23463419918));
#3048=CARTESIAN_POINT('',(40.9999999999953,9.94342899508353,29.4656040823078));
#3049=CARTESIAN_POINT('Origin',(40.9999999999953,9.41421294672426,28.5857878382342));
#3050=CARTESIAN_POINT('',(40.9999999999953,9.5909896420209,28.7625645335308));
#3051=CARTESIAN_POINT('Origin',(40.9999999999953,8.76536666653261,28.1522425271091));
#3052=CARTESIAN_POINT('',(40.9999999999953,8.99633654966044,28.2479133852003));
#3053=CARTESIAN_POINT('Origin',(40.9999999999953,8.00000026077032,28.0000016093254));
#3054=CARTESIAN_POINT('',(40.9999999999953,8.25000026077032,28.0000016093254));
#3055=CARTESIAN_POINT('Origin',(40.9999999999953,7.23463382665094,28.1522423845484));
#3056=CARTESIAN_POINT('',(40.9999999999953,7.46560370977877,28.0565715264571));
#3057=CARTESIAN_POINT('Origin',(40.9999999999953,6.58578746570516,28.5857875748164));
#3058=CARTESIAN_POINT('',(40.9999999999953,6.76256416100179,28.4090108795198));
#3059=CARTESIAN_POINT('Origin',(40.9999999999953,6.15224215458005,29.234633855008));
#3060=CARTESIAN_POINT('',(40.9999999999953,6.24791301267132,29.0036639718802));
#3061=CARTESIAN_POINT('Origin',(40.9999999999953,6.00000123679638,30.0000002607703));
#3062=CARTESIAN_POINT('',(40.9999999999953,6.00000123679638,29.7500002607703));
#3063=CARTESIAN_POINT('Origin',(40.9999999999953,6.15224201201936,30.7653666948897));
#3064=CARTESIAN_POINT('',(40.9999999999953,6.05657115392809,30.5343968117619));
#3065=CARTESIAN_POINT('Origin',(40.9999999999953,6.58578720228736,31.4142130558355));
#3066=CARTESIAN_POINT('',(40.9999999999953,6.40901050699072,31.2374363605388));
#3067=CARTESIAN_POINT('Origin',(40.9999999999953,7.234633482479,31.8477583669606));
#3068=CARTESIAN_POINT('',(40.9999999999953,7.00366359935118,31.7520875088693));
#3069=CARTESIAN_POINT('Origin',(40.9999999999953,8.77645672328767,32.8977768298342));
#3070=CARTESIAN_POINT('',(40.9999999999953,8.5349752667154,32.9624815911099));
#3071=CARTESIAN_POINT('Origin',(40.9999999999953,9.49999932087484,32.5980757255901));
#3072=CARTESIAN_POINT('',(40.9999999999953,9.28349296992873,32.7230757255901));
#3073=CARTESIAN_POINT('Origin',(40.9999999999953,10.1213194486879,32.1213200846348));
#3074=CARTESIAN_POINT('',(40.9999999999953,9.9445427533913,32.2980967799314));
#3075=CARTESIAN_POINT('Origin',(40.9999999999953,10.5980751667965,31.5000000160235));
#3076=CARTESIAN_POINT('',(40.9999999999953,10.4730751667965,31.7165063669696));
#3077=CARTESIAN_POINT('Origin',(40.9999999999953,10.8977763608876,30.7764574556521));
#3078=CARTESIAN_POINT('',(40.9999999999953,10.833071599612,31.0179389122244));
#3079=CARTESIAN_POINT('Origin',(40.9999999999953,10.9999988898635,30.0000006332994));
#3080=CARTESIAN_POINT('',(40.9999999999953,10.9999988898635,30.2500006332994));
#3081=CARTESIAN_POINT('Origin',(40.9999999999953,10.8977764573052,29.223543798253));
#3082=CARTESIAN_POINT('',(40.9999999999953,10.9624812185808,29.4650252548252));
#3083=CARTESIAN_POINT('Origin',(40.9999999999953,10.598075353061,28.5000012006658));
#3084=CARTESIAN_POINT('',(40.9999999999953,10.723075353061,28.7165075516119));
#3085=CARTESIAN_POINT('Origin',(40.9999999999953,10.1213197121057,27.8786810728527));
#3086=CARTESIAN_POINT('',(40.9999999999953,10.2980964074024,28.0554577681493));
#3087=CARTESIAN_POINT('Origin',(40.9999999999953,9.49999964349445,27.4019253547441));
#3088=CARTESIAN_POINT('',(40.9999999999953,9.71650599444056,27.5269253547441));
#3089=CARTESIAN_POINT('Origin',(40.9999999999953,8.77645708312308,27.102224160653));
#3090=CARTESIAN_POINT('',(40.9999999999953,9.01793853969535,27.1669289219287));
#3091=CARTESIAN_POINT('Origin',(40.9999999999953,8.00000026077032,27.0000016316772));
#3092=CARTESIAN_POINT('',(40.9999999999953,8.25000026077032,27.0000016316772));
#3093=CARTESIAN_POINT('Origin',(40.9999999999953,7.22354342572394,27.1022240642354));
#3094=CARTESIAN_POINT('',(40.9999999999953,7.46502488229621,27.0375193029598));
#3095=CARTESIAN_POINT('Origin',(40.9999999999953,6.50000082813676,27.4019251684796));
#3096=CARTESIAN_POINT('',(40.9999999999953,6.71650717908287,27.2769251684796));
#3097=CARTESIAN_POINT('Origin',(40.9999999999953,5.87868070032368,27.8786808094349));
#3098=CARTESIAN_POINT('',(40.9999999999953,6.05545739562031,27.7019041141383));
#3099=CARTESIAN_POINT('Origin',(40.9999999999953,5.40192498221509,28.5000008780462));
#3100=CARTESIAN_POINT('',(40.9999999999953,5.52692498221509,28.2834945271001));
#3101=CARTESIAN_POINT('Origin',(40.9999999999953,5.10222378812401,29.2235434384176));
#3102=CARTESIAN_POINT('',(40.9999999999953,5.16692854939964,28.9820619818453));
#3103=CARTESIAN_POINT('Origin',(40.9999999999953,5.00000125914812,30.0000002607703));
#3104=CARTESIAN_POINT('',(40.9999999999953,5.00000125914812,29.7500002607703));
#3105=CARTESIAN_POINT('Origin',(40.9999999999953,5.1022236917064,30.7764570958167));
#3106=CARTESIAN_POINT('',(40.9999999999953,5.03751893043077,30.5349756392444));
#3107=CARTESIAN_POINT('Origin',(40.9999999999953,5.40192479595057,31.4999996934039));
#3108=CARTESIAN_POINT('',(40.9999999999953,5.27692479595057,31.2834933424578));
#3109=CARTESIAN_POINT('Origin',(40.9999999999953,5.87868043690588,32.121319821217));
#3110=CARTESIAN_POINT('',(40.9999999999953,5.70190374160924,31.9445431259203));
#3111=CARTESIAN_POINT('Origin',(40.9999999999953,6.50000050551716,32.5980755393255));
#3112=CARTESIAN_POINT('',(40.9999999999953,6.28349415457105,32.4730755393255));
#3113=CARTESIAN_POINT('Origin',(40.9999999999953,7.22354306588853,32.8977767334166));
#3114=CARTESIAN_POINT('',(40.9999999999953,6.98206160931626,32.833071972141));
#3115=UNCERTAINTY_MEASURE_WITH_UNIT(LENGTH_MEASURE(0.01),#3119,
'DISTANCE_ACCURACY_VALUE',
'Maximum model space distance between geometric entities at asserted c
onnectivities');
#3116=UNCERTAINTY_MEASURE_WITH_UNIT(LENGTH_MEASURE(0.01),#3119,
'DISTANCE_ACCURACY_VALUE',
'Maximum model space distance between geometric entities at asserted c
onnectivities');
#3117=(
GEOMETRIC_REPRESENTATION_CONTEXT(3)
GLOBAL_UNCERTAINTY_ASSIGNED_CONTEXT((#3115))
GLOBAL_UNIT_ASSIGNED_CONTEXT((#3119,#3121,#3122))
REPRESENTATION_CONTEXT('','3D')
);
#3118=(
GEOMETRIC_REPRESENTATION_CONTEXT(3)
GLOBAL_UNCERTAINTY_ASSIGNED_CONTEXT((#3116))
GLOBAL_UNIT_ASSIGNED_CONTEXT((#3119,#3121,#3122))
REPRESENTATION_CONTEXT('','3D')
);
#3119=(
LENGTH_UNIT()
NAMED_UNIT(*)
SI_UNIT(.MILLI.,.METRE.)
);
#3120=(
LENGTH_UNIT()
NAMED_UNIT(*)
SI_UNIT($,.METRE.)
);
#3121=(
NAMED_UNIT(*)
PLANE_ANGLE_UNIT()
SI_UNIT($,.RADIAN.)
);
#3122=(
NAMED_UNIT(*)
SI_UNIT($,.STERADIAN.)
SOLID_ANGLE_UNIT()
);
#3123=SHAPE_DEFINITION_REPRESENTATION(#3124,#3125);
#3124=PRODUCT_DEFINITION_SHAPE('',$,#3127);
#3125=SHAPE_REPRESENTATION('',(#1855),#3117);
#3126=PRODUCT_DEFINITION_CONTEXT('part definition',#3131,'design');
#3127=PRODUCT_DEFINITION('Middle','Middle',#3128,#3126);
#3128=PRODUCT_DEFINITION_FORMATION('',$,#3133);
#3129=PRODUCT_RELATED_PRODUCT_CATEGORY('Middle','Middle',(#3133));
#3130=APPLICATION_PROTOCOL_DEFINITION('international standard',
'automotive_design',2009,#3131);
#3131=APPLICATION_CONTEXT(
'Core Data for Automotive Mechanical Design Process');
#3132=PRODUCT_CONTEXT('part definition',#3131,'mechanical');
#3133=PRODUCT('Middle','Middle',$,(#3132));
#3134=PRESENTATION_STYLE_ASSIGNMENT((#3135));
#3135=SURFACE_STYLE_USAGE(.BOTH.,#3136);
#3136=SURFACE_SIDE_STYLE('',(#3137));
#3137=SURFACE_STYLE_FILL_AREA(#3138);
#3138=FILL_AREA_STYLE('Steel - Satin',(#3139));
#3139=FILL_AREA_STYLE_COLOUR('Steel - Satin',#3140);
#3140=COLOUR_RGB('Steel - Satin',0.627450980392157,0.627450980392157,0.627450980392157);
ENDSEC;
END-ISO-10303-21;
