ISO-10303-21;
HEADER;
/* Generated by software containing ST-Developer
 * from STEP Tools, Inc. (www.steptools.com) 
 */

FILE_DESCRIPTION(
/* description */ (''),
/* implementation_level */ '2;1');

FILE_NAME(
/* name */ 'Top.step',
/* time_stamp */ '2026-10-03T23:48:01+02:00',
/* author */ (''),
/* organization */ (''),
/* preprocessor_version */ 'ST-DEVELOPER v20.2',
/* originating_system */ 'Autodesk Translation Framework v15.15.0.0',
/* authorisation */ '');

FILE_SCHEMA (('AUTOMOTIVE_DESIGN { 1 0 10303 214 3 1 1 }'));
ENDSEC;

DATA;
#10=MECHANICAL_DESIGN_GEOMETRIC_PRESENTATION_REPRESENTATION('',(#13),#2299);
#11=SHAPE_REPRESENTATION_RELATIONSHIP('SRR','None',#2306,#12);
#12=ADVANCED_BREP_SHAPE_REPRESENTATION('',(#14),#2298);
#13=STYLED_ITEM('',(#2315),#14);
#14=MANIFOLD_SOLID_BREP('Top',#1423);
#15=FACE_BOUND('',#179,.T.);
#16=FACE_BOUND('',#181,.T.);
#17=FACE_BOUND('',#186,.T.);
#18=FACE_BOUND('',#188,.T.);
#19=FACE_BOUND('',#193,.T.);
#20=FACE_BOUND('',#195,.T.);
#21=FACE_BOUND('',#200,.T.);
#22=FACE_BOUND('',#202,.T.);
#23=FACE_BOUND('',#208,.T.);
#24=FACE_BOUND('',#209,.T.);
#25=FACE_BOUND('',#210,.T.);
#26=FACE_BOUND('',#211,.T.);
#27=FACE_BOUND('',#212,.T.);
#28=FACE_BOUND('',#213,.T.);
#29=FACE_BOUND('',#214,.T.);
#30=FACE_BOUND('',#215,.T.);
#31=FACE_BOUND('',#265,.T.);
#32=FACE_BOUND('',#266,.T.);
#33=FACE_BOUND('',#267,.T.);
#34=FACE_BOUND('',#268,.T.);
#35=FACE_BOUND('',#269,.T.);
#36=FACE_BOUND('',#270,.T.);
#37=FACE_BOUND('',#271,.T.);
#38=FACE_BOUND('',#272,.T.);
#39=PLANE('',#1446);
#40=PLANE('',#1447);
#41=PLANE('',#1457);
#42=PLANE('',#1458);
#43=PLANE('',#1468);
#44=PLANE('',#1469);
#45=PLANE('',#1479);
#46=PLANE('',#1480);
#47=PLANE('',#1481);
#48=PLANE('',#1482);
#49=PLANE('',#1483);
#50=PLANE('',#1484);
#51=PLANE('',#1485);
#52=PLANE('',#1486);
#53=PLANE('',#1487);
#54=PLANE('',#1488);
#55=PLANE('',#1489);
#56=PLANE('',#1490);
#57=PLANE('',#1491);
#58=PLANE('',#1492);
#59=PLANE('',#1493);
#60=PLANE('',#1494);
#61=PLANE('',#1495);
#62=PLANE('',#1496);
#63=PLANE('',#1497);
#64=PLANE('',#1498);
#65=PLANE('',#1499);
#66=PLANE('',#1500);
#67=PLANE('',#1501);
#68=PLANE('',#1502);
#69=PLANE('',#1503);
#70=PLANE('',#1504);
#71=PLANE('',#1505);
#72=PLANE('',#1506);
#73=PLANE('',#1507);
#74=PLANE('',#1508);
#75=PLANE('',#1509);
#76=PLANE('',#1510);
#77=PLANE('',#1511);
#78=PLANE('',#1512);
#79=PLANE('',#1513);
#80=PLANE('',#1514);
#81=PLANE('',#1515);
#82=PLANE('',#1516);
#83=PLANE('',#1517);
#84=PLANE('',#1518);
#85=PLANE('',#1519);
#86=PLANE('',#1520);
#87=PLANE('',#1521);
#88=PLANE('',#1522);
#89=PLANE('',#1523);
#90=PLANE('',#1524);
#91=PLANE('',#1525);
#92=PLANE('',#1526);
#93=PLANE('',#1527);
#94=PLANE('',#1528);
#95=PLANE('',#1529);
#96=PLANE('',#1530);
#97=PLANE('',#1531);
#98=PLANE('',#1532);
#99=PLANE('',#1533);
#100=PLANE('',#1534);
#101=FACE_OUTER_BOUND('',#175,.T.);
#102=FACE_OUTER_BOUND('',#176,.T.);
#103=FACE_OUTER_BOUND('',#177,.T.);
#104=FACE_OUTER_BOUND('',#178,.T.);
#105=FACE_OUTER_BOUND('',#180,.T.);
#106=FACE_OUTER_BOUND('',#182,.T.);
#107=FACE_OUTER_BOUND('',#183,.T.);
#108=FACE_OUTER_BOUND('',#184,.T.);
#109=FACE_OUTER_BOUND('',#185,.T.);
#110=FACE_OUTER_BOUND('',#187,.T.);
#111=FACE_OUTER_BOUND('',#189,.T.);
#112=FACE_OUTER_BOUND('',#190,.T.);
#113=FACE_OUTER_BOUND('',#191,.T.);
#114=FACE_OUTER_BOUND('',#192,.T.);
#115=FACE_OUTER_BOUND('',#194,.T.);
#116=FACE_OUTER_BOUND('',#196,.T.);
#117=FACE_OUTER_BOUND('',#197,.T.);
#118=FACE_OUTER_BOUND('',#198,.T.);
#119=FACE_OUTER_BOUND('',#199,.T.);
#120=FACE_OUTER_BOUND('',#201,.T.);
#121=FACE_OUTER_BOUND('',#203,.T.);
#122=FACE_OUTER_BOUND('',#204,.T.);
#123=FACE_OUTER_BOUND('',#205,.T.);
#124=FACE_OUTER_BOUND('',#206,.T.);
#125=FACE_OUTER_BOUND('',#207,.T.);
#126=FACE_OUTER_BOUND('',#216,.T.);
#127=FACE_OUTER_BOUND('',#217,.T.);
#128=FACE_OUTER_BOUND('',#218,.T.);
#129=FACE_OUTER_BOUND('',#219,.T.);
#130=FACE_OUTER_BOUND('',#220,.T.);
#131=FACE_OUTER_BOUND('',#221,.T.);
#132=FACE_OUTER_BOUND('',#222,.T.);
#133=FACE_OUTER_BOUND('',#223,.T.);
#134=FACE_OUTER_BOUND('',#224,.T.);
#135=FACE_OUTER_BOUND('',#225,.T.);
#136=FACE_OUTER_BOUND('',#226,.T.);
#137=FACE_OUTER_BOUND('',#227,.T.);
#138=FACE_OUTER_BOUND('',#228,.T.);
#139=FACE_OUTER_BOUND('',#229,.T.);
#140=FACE_OUTER_BOUND('',#230,.T.);
#141=FACE_OUTER_BOUND('',#231,.T.);
#142=FACE_OUTER_BOUND('',#232,.T.);
#143=FACE_OUTER_BOUND('',#233,.T.);
#144=FACE_OUTER_BOUND('',#234,.T.);
#145=FACE_OUTER_BOUND('',#235,.T.);
#146=FACE_OUTER_BOUND('',#236,.T.);
#147=FACE_OUTER_BOUND('',#237,.T.);
#148=FACE_OUTER_BOUND('',#238,.T.);
#149=FACE_OUTER_BOUND('',#239,.T.);
#150=FACE_OUTER_BOUND('',#240,.T.);
#151=FACE_OUTER_BOUND('',#241,.T.);
#152=FACE_OUTER_BOUND('',#242,.T.);
#153=FACE_OUTER_BOUND('',#243,.T.);
#154=FACE_OUTER_BOUND('',#244,.T.);
#155=FACE_OUTER_BOUND('',#245,.T.);
#156=FACE_OUTER_BOUND('',#246,.T.);
#157=FACE_OUTER_BOUND('',#247,.T.);
#158=FACE_OUTER_BOUND('',#248,.T.);
#159=FACE_OUTER_BOUND('',#249,.T.);
#160=FACE_OUTER_BOUND('',#250,.T.);
#161=FACE_OUTER_BOUND('',#251,.T.);
#162=FACE_OUTER_BOUND('',#252,.T.);
#163=FACE_OUTER_BOUND('',#253,.T.);
#164=FACE_OUTER_BOUND('',#254,.T.);
#165=FACE_OUTER_BOUND('',#255,.T.);
#166=FACE_OUTER_BOUND('',#256,.T.);
#167=FACE_OUTER_BOUND('',#257,.T.);
#168=FACE_OUTER_BOUND('',#258,.T.);
#169=FACE_OUTER_BOUND('',#259,.T.);
#170=FACE_OUTER_BOUND('',#260,.T.);
#171=FACE_OUTER_BOUND('',#261,.T.);
#172=FACE_OUTER_BOUND('',#262,.T.);
#173=FACE_OUTER_BOUND('',#263,.T.);
#174=FACE_OUTER_BOUND('',#264,.T.);
#175=EDGE_LOOP('',(#953,#954,#955,#956));
#176=EDGE_LOOP('',(#957,#958,#959,#960));
#177=EDGE_LOOP('',(#961,#962,#963,#964));
#178=EDGE_LOOP('',(#965));
#179=EDGE_LOOP('',(#966));
#180=EDGE_LOOP('',(#967));
#181=EDGE_LOOP('',(#968));
#182=EDGE_LOOP('',(#969,#970,#971,#972));
#183=EDGE_LOOP('',(#973,#974,#975,#976));
#184=EDGE_LOOP('',(#977,#978,#979,#980));
#185=EDGE_LOOP('',(#981));
#186=EDGE_LOOP('',(#982));
#187=EDGE_LOOP('',(#983));
#188=EDGE_LOOP('',(#984));
#189=EDGE_LOOP('',(#985,#986,#987,#988));
#190=EDGE_LOOP('',(#989,#990,#991,#992));
#191=EDGE_LOOP('',(#993,#994,#995,#996));
#192=EDGE_LOOP('',(#997));
#193=EDGE_LOOP('',(#998));
#194=EDGE_LOOP('',(#999));
#195=EDGE_LOOP('',(#1000));
#196=EDGE_LOOP('',(#1001,#1002,#1003,#1004));
#197=EDGE_LOOP('',(#1005,#1006,#1007,#1008));
#198=EDGE_LOOP('',(#1009,#1010,#1011,#1012));
#199=EDGE_LOOP('',(#1013));
#200=EDGE_LOOP('',(#1014));
#201=EDGE_LOOP('',(#1015));
#202=EDGE_LOOP('',(#1016));
#203=EDGE_LOOP('',(#1017,#1018,#1019,#1020));
#204=EDGE_LOOP('',(#1021,#1022,#1023,#1024));
#205=EDGE_LOOP('',(#1025,#1026,#1027,#1028));
#206=EDGE_LOOP('',(#1029,#1030,#1031,#1032));
#207=EDGE_LOOP('',(#1033,#1034,#1035,#1036));
#208=EDGE_LOOP('',(#1037));
#209=EDGE_LOOP('',(#1038));
#210=EDGE_LOOP('',(#1039));
#211=EDGE_LOOP('',(#1040));
#212=EDGE_LOOP('',(#1041,#1042,#1043,#1044,#1045,#1046,#1047,#1048,#1049,
#1050,#1051,#1052));
#213=EDGE_LOOP('',(#1053,#1054,#1055,#1056,#1057,#1058,#1059,#1060,#1061,
#1062,#1063,#1064));
#214=EDGE_LOOP('',(#1065,#1066,#1067,#1068,#1069,#1070,#1071,#1072,#1073,
#1074,#1075,#1076));
#215=EDGE_LOOP('',(#1077,#1078,#1079,#1080,#1081,#1082,#1083,#1084,#1085,
#1086,#1087,#1088));
#216=EDGE_LOOP('',(#1089,#1090,#1091,#1092));
#217=EDGE_LOOP('',(#1093,#1094,#1095,#1096));
#218=EDGE_LOOP('',(#1097,#1098,#1099,#1100));
#219=EDGE_LOOP('',(#1101,#1102,#1103,#1104));
#220=EDGE_LOOP('',(#1105,#1106,#1107,#1108));
#221=EDGE_LOOP('',(#1109,#1110,#1111,#1112));
#222=EDGE_LOOP('',(#1113,#1114,#1115,#1116));
#223=EDGE_LOOP('',(#1117,#1118,#1119,#1120));
#224=EDGE_LOOP('',(#1121,#1122,#1123,#1124));
#225=EDGE_LOOP('',(#1125,#1126,#1127,#1128));
#226=EDGE_LOOP('',(#1129,#1130,#1131,#1132));
#227=EDGE_LOOP('',(#1133,#1134,#1135,#1136));
#228=EDGE_LOOP('',(#1137,#1138,#1139,#1140));
#229=EDGE_LOOP('',(#1141,#1142,#1143,#1144));
#230=EDGE_LOOP('',(#1145,#1146,#1147,#1148));
#231=EDGE_LOOP('',(#1149,#1150,#1151,#1152));
#232=EDGE_LOOP('',(#1153,#1154,#1155,#1156));
#233=EDGE_LOOP('',(#1157,#1158,#1159,#1160));
#234=EDGE_LOOP('',(#1161,#1162,#1163,#1164));
#235=EDGE_LOOP('',(#1165,#1166,#1167,#1168));
#236=EDGE_LOOP('',(#1169,#1170,#1171,#1172));
#237=EDGE_LOOP('',(#1173,#1174,#1175,#1176));
#238=EDGE_LOOP('',(#1177,#1178,#1179,#1180));
#239=EDGE_LOOP('',(#1181,#1182,#1183,#1184));
#240=EDGE_LOOP('',(#1185,#1186,#1187,#1188));
#241=EDGE_LOOP('',(#1189,#1190,#1191,#1192));
#242=EDGE_LOOP('',(#1193,#1194,#1195,#1196));
#243=EDGE_LOOP('',(#1197,#1198,#1199,#1200));
#244=EDGE_LOOP('',(#1201,#1202,#1203,#1204));
#245=EDGE_LOOP('',(#1205,#1206,#1207,#1208));
#246=EDGE_LOOP('',(#1209,#1210,#1211,#1212));
#247=EDGE_LOOP('',(#1213,#1214,#1215,#1216));
#248=EDGE_LOOP('',(#1217,#1218,#1219,#1220));
#249=EDGE_LOOP('',(#1221,#1222,#1223,#1224));
#250=EDGE_LOOP('',(#1225,#1226,#1227,#1228));
#251=EDGE_LOOP('',(#1229,#1230,#1231,#1232));
#252=EDGE_LOOP('',(#1233,#1234,#1235,#1236));
#253=EDGE_LOOP('',(#1237,#1238,#1239,#1240));
#254=EDGE_LOOP('',(#1241,#1242,#1243,#1244));
#255=EDGE_LOOP('',(#1245,#1246,#1247,#1248));
#256=EDGE_LOOP('',(#1249,#1250,#1251,#1252));
#257=EDGE_LOOP('',(#1253,#1254,#1255,#1256));
#258=EDGE_LOOP('',(#1257,#1258,#1259,#1260));
#259=EDGE_LOOP('',(#1261,#1262,#1263,#1264));
#260=EDGE_LOOP('',(#1265,#1266,#1267,#1268));
#261=EDGE_LOOP('',(#1269,#1270,#1271,#1272));
#262=EDGE_LOOP('',(#1273,#1274,#1275,#1276));
#263=EDGE_LOOP('',(#1277,#1278,#1279,#1280));
#264=EDGE_LOOP('',(#1281,#1282,#1283,#1284));
#265=EDGE_LOOP('',(#1285));
#266=EDGE_LOOP('',(#1286));
#267=EDGE_LOOP('',(#1287));
#268=EDGE_LOOP('',(#1288));
#269=EDGE_LOOP('',(#1289,#1290,#1291,#1292,#1293,#1294,#1295,#1296,#1297,
#1298,#1299,#1300));
#270=EDGE_LOOP('',(#1301,#1302,#1303,#1304,#1305,#1306,#1307,#1308,#1309,
#1310,#1311,#1312));
#271=EDGE_LOOP('',(#1313,#1314,#1315,#1316,#1317,#1318,#1319,#1320,#1321,
#1322,#1323,#1324));
#272=EDGE_LOOP('',(#1325,#1326,#1327,#1328,#1329,#1330,#1331,#1332,#1333,
#1334,#1335,#1336));
#273=LINE('',#1906,#441);
#274=LINE('',#1912,#442);
#275=LINE('',#1918,#443);
#276=LINE('',#1926,#444);
#277=LINE('',#1932,#445);
#278=LINE('',#1938,#446);
#279=LINE('',#1946,#447);
#280=LINE('',#1952,#448);
#281=LINE('',#1958,#449);
#282=LINE('',#1966,#450);
#283=LINE('',#1972,#451);
#284=LINE('',#1978,#452);
#285=LINE('',#1985,#453);
#286=LINE('',#1987,#454);
#287=LINE('',#1989,#455);
#288=LINE('',#1990,#456);
#289=LINE('',#1993,#457);
#290=LINE('',#1995,#458);
#291=LINE('',#1996,#459);
#292=LINE('',#1999,#460);
#293=LINE('',#2001,#461);
#294=LINE('',#2002,#462);
#295=LINE('',#2004,#463);
#296=LINE('',#2005,#464);
#297=LINE('',#2009,#465);
#298=LINE('',#2011,#466);
#299=LINE('',#2013,#467);
#300=LINE('',#2015,#468);
#301=LINE('',#2017,#469);
#302=LINE('',#2019,#470);
#303=LINE('',#2021,#471);
#304=LINE('',#2023,#472);
#305=LINE('',#2025,#473);
#306=LINE('',#2027,#474);
#307=LINE('',#2029,#475);
#308=LINE('',#2030,#476);
#309=LINE('',#2033,#477);
#310=LINE('',#2035,#478);
#311=LINE('',#2037,#479);
#312=LINE('',#2039,#480);
#313=LINE('',#2041,#481);
#314=LINE('',#2043,#482);
#315=LINE('',#2045,#483);
#316=LINE('',#2047,#484);
#317=LINE('',#2049,#485);
#318=LINE('',#2051,#486);
#319=LINE('',#2053,#487);
#320=LINE('',#2054,#488);
#321=LINE('',#2057,#489);
#322=LINE('',#2059,#490);
#323=LINE('',#2061,#491);
#324=LINE('',#2063,#492);
#325=LINE('',#2065,#493);
#326=LINE('',#2067,#494);
#327=LINE('',#2069,#495);
#328=LINE('',#2071,#496);
#329=LINE('',#2073,#497);
#330=LINE('',#2075,#498);
#331=LINE('',#2077,#499);
#332=LINE('',#2078,#500);
#333=LINE('',#2081,#501);
#334=LINE('',#2083,#502);
#335=LINE('',#2085,#503);
#336=LINE('',#2087,#504);
#337=LINE('',#2089,#505);
#338=LINE('',#2091,#506);
#339=LINE('',#2093,#507);
#340=LINE('',#2095,#508);
#341=LINE('',#2097,#509);
#342=LINE('',#2099,#510);
#343=LINE('',#2101,#511);
#344=LINE('',#2102,#512);
#345=LINE('',#2106,#513);
#346=LINE('',#2107,#514);
#347=LINE('',#2108,#515);
#348=LINE('',#2111,#516);
#349=LINE('',#2112,#517);
#350=LINE('',#2115,#518);
#351=LINE('',#2116,#519);
#352=LINE('',#2119,#520);
#353=LINE('',#2120,#521);
#354=LINE('',#2123,#522);
#355=LINE('',#2124,#523);
#356=LINE('',#2127,#524);
#357=LINE('',#2128,#525);
#358=LINE('',#2131,#526);
#359=LINE('',#2132,#527);
#360=LINE('',#2135,#528);
#361=LINE('',#2136,#529);
#362=LINE('',#2139,#530);
#363=LINE('',#2140,#531);
#364=LINE('',#2143,#532);
#365=LINE('',#2144,#533);
#366=LINE('',#2147,#534);
#367=LINE('',#2148,#535);
#368=LINE('',#2150,#536);
#369=LINE('',#2154,#537);
#370=LINE('',#2155,#538);
#371=LINE('',#2156,#539);
#372=LINE('',#2159,#540);
#373=LINE('',#2160,#541);
#374=LINE('',#2163,#542);
#375=LINE('',#2164,#543);
#376=LINE('',#2167,#544);
#377=LINE('',#2168,#545);
#378=LINE('',#2171,#546);
#379=LINE('',#2172,#547);
#380=LINE('',#2175,#548);
#381=LINE('',#2176,#549);
#382=LINE('',#2179,#550);
#383=LINE('',#2180,#551);
#384=LINE('',#2183,#552);
#385=LINE('',#2184,#553);
#386=LINE('',#2187,#554);
#387=LINE('',#2188,#555);
#388=LINE('',#2191,#556);
#389=LINE('',#2192,#557);
#390=LINE('',#2195,#558);
#391=LINE('',#2196,#559);
#392=LINE('',#2198,#560);
#393=LINE('',#2202,#561);
#394=LINE('',#2203,#562);
#395=LINE('',#2204,#563);
#396=LINE('',#2207,#564);
#397=LINE('',#2208,#565);
#398=LINE('',#2211,#566);
#399=LINE('',#2212,#567);
#400=LINE('',#2215,#568);
#401=LINE('',#2216,#569);
#402=LINE('',#2219,#570);
#403=LINE('',#2220,#571);
#404=LINE('',#2223,#572);
#405=LINE('',#2224,#573);
#406=LINE('',#2227,#574);
#407=LINE('',#2228,#575);
#408=LINE('',#2231,#576);
#409=LINE('',#2232,#577);
#410=LINE('',#2235,#578);
#411=LINE('',#2236,#579);
#412=LINE('',#2239,#580);
#413=LINE('',#2240,#581);
#414=LINE('',#2243,#582);
#415=LINE('',#2244,#583);
#416=LINE('',#2246,#584);
#417=LINE('',#2250,#585);
#418=LINE('',#2251,#586);
#419=LINE('',#2252,#587);
#420=LINE('',#2255,#588);
#421=LINE('',#2256,#589);
#422=LINE('',#2259,#590);
#423=LINE('',#2260,#591);
#424=LINE('',#2263,#592);
#425=LINE('',#2264,#593);
#426=LINE('',#2267,#594);
#427=LINE('',#2268,#595);
#428=LINE('',#2271,#596);
#429=LINE('',#2272,#597);
#430=LINE('',#2275,#598);
#431=LINE('',#2276,#599);
#432=LINE('',#2279,#600);
#433=LINE('',#2280,#601);
#434=LINE('',#2283,#602);
#435=LINE('',#2284,#603);
#436=LINE('',#2287,#604);
#437=LINE('',#2288,#605);
#438=LINE('',#2291,#606);
#439=LINE('',#2292,#607);
#440=LINE('',#2294,#608);
#441=VECTOR('',#1541,1.6);
#442=VECTOR('',#1548,1.6);
#443=VECTOR('',#1555,1.6);
#444=VECTOR('',#1566,1.6);
#445=VECTOR('',#1573,1.6);
#446=VECTOR('',#1580,1.6);
#447=VECTOR('',#1591,1.6);
#448=VECTOR('',#1598,1.6);
#449=VECTOR('',#1605,1.6);
#450=VECTOR('',#1616,1.6);
#451=VECTOR('',#1623,1.6);
#452=VECTOR('',#1630,1.6);
#453=VECTOR('',#1639,10.);
#454=VECTOR('',#1640,10.);
#455=VECTOR('',#1641,10.);
#456=VECTOR('',#1642,10.);
#457=VECTOR('',#1645,10.);
#458=VECTOR('',#1646,10.);
#459=VECTOR('',#1647,10.);
#460=VECTOR('',#1650,10.);
#461=VECTOR('',#1651,10.);
#462=VECTOR('',#1652,10.);
#463=VECTOR('',#1655,10.);
#464=VECTOR('',#1656,10.);
#465=VECTOR('',#1659,10.);
#466=VECTOR('',#1660,10.);
#467=VECTOR('',#1661,10.);
#468=VECTOR('',#1662,10.);
#469=VECTOR('',#1663,10.);
#470=VECTOR('',#1664,10.);
#471=VECTOR('',#1665,10.);
#472=VECTOR('',#1666,10.);
#473=VECTOR('',#1667,10.);
#474=VECTOR('',#1668,10.);
#475=VECTOR('',#1669,10.);
#476=VECTOR('',#1670,10.);
#477=VECTOR('',#1671,10.);
#478=VECTOR('',#1672,10.);
#479=VECTOR('',#1673,10.);
#480=VECTOR('',#1674,10.);
#481=VECTOR('',#1675,10.);
#482=VECTOR('',#1676,10.);
#483=VECTOR('',#1677,10.);
#484=VECTOR('',#1678,10.);
#485=VECTOR('',#1679,10.);
#486=VECTOR('',#1680,10.);
#487=VECTOR('',#1681,10.);
#488=VECTOR('',#1682,10.);
#489=VECTOR('',#1683,10.);
#490=VECTOR('',#1684,10.);
#491=VECTOR('',#1685,10.);
#492=VECTOR('',#1686,10.);
#493=VECTOR('',#1687,10.);
#494=VECTOR('',#1688,10.);
#495=VECTOR('',#1689,10.);
#496=VECTOR('',#1690,10.);
#497=VECTOR('',#1691,10.);
#498=VECTOR('',#1692,10.);
#499=VECTOR('',#1693,10.);
#500=VECTOR('',#1694,10.);
#501=VECTOR('',#1695,10.);
#502=VECTOR('',#1696,10.);
#503=VECTOR('',#1697,10.);
#504=VECTOR('',#1698,10.);
#505=VECTOR('',#1699,10.);
#506=VECTOR('',#1700,10.);
#507=VECTOR('',#1701,10.);
#508=VECTOR('',#1702,10.);
#509=VECTOR('',#1703,10.);
#510=VECTOR('',#1704,10.);
#511=VECTOR('',#1705,10.);
#512=VECTOR('',#1706,10.);
#513=VECTOR('',#1709,10.);
#514=VECTOR('',#1710,10.);
#515=VECTOR('',#1711,10.);
#516=VECTOR('',#1714,10.);
#517=VECTOR('',#1715,10.);
#518=VECTOR('',#1718,10.);
#519=VECTOR('',#1719,10.);
#520=VECTOR('',#1722,10.);
#521=VECTOR('',#1723,10.);
#522=VECTOR('',#1726,10.);
#523=VECTOR('',#1727,10.);
#524=VECTOR('',#1730,10.);
#525=VECTOR('',#1731,10.);
#526=VECTOR('',#1734,10.);
#527=VECTOR('',#1735,10.);
#528=VECTOR('',#1738,10.);
#529=VECTOR('',#1739,10.);
#530=VECTOR('',#1742,10.);
#531=VECTOR('',#1743,10.);
#532=VECTOR('',#1746,10.);
#533=VECTOR('',#1747,10.);
#534=VECTOR('',#1750,10.);
#535=VECTOR('',#1751,10.);
#536=VECTOR('',#1754,10.);
#537=VECTOR('',#1757,10.);
#538=VECTOR('',#1758,10.);
#539=VECTOR('',#1759,10.);
#540=VECTOR('',#1762,10.);
#541=VECTOR('',#1763,10.);
#542=VECTOR('',#1766,10.);
#543=VECTOR('',#1767,10.);
#544=VECTOR('',#1770,10.);
#545=VECTOR('',#1771,10.);
#546=VECTOR('',#1774,10.);
#547=VECTOR('',#1775,10.);
#548=VECTOR('',#1778,10.);
#549=VECTOR('',#1779,10.);
#550=VECTOR('',#1782,10.);
#551=VECTOR('',#1783,10.);
#552=VECTOR('',#1786,10.);
#553=VECTOR('',#1787,10.);
#554=VECTOR('',#1790,10.);
#555=VECTOR('',#1791,10.);
#556=VECTOR('',#1794,10.);
#557=VECTOR('',#1795,10.);
#558=VECTOR('',#1798,10.);
#559=VECTOR('',#1799,10.);
#560=VECTOR('',#1802,10.);
#561=VECTOR('',#1805,10.);
#562=VECTOR('',#1806,10.);
#563=VECTOR('',#1807,10.);
#564=VECTOR('',#1810,10.);
#565=VECTOR('',#1811,10.);
#566=VECTOR('',#1814,10.);
#567=VECTOR('',#1815,10.);
#568=VECTOR('',#1818,10.);
#569=VECTOR('',#1819,10.);
#570=VECTOR('',#1822,10.);
#571=VECTOR('',#1823,10.);
#572=VECTOR('',#1826,10.);
#573=VECTOR('',#1827,10.);
#574=VECTOR('',#1830,10.);
#575=VECTOR('',#1831,10.);
#576=VECTOR('',#1834,10.);
#577=VECTOR('',#1835,10.);
#578=VECTOR('',#1838,10.);
#579=VECTOR('',#1839,10.);
#580=VECTOR('',#1842,10.);
#581=VECTOR('',#1843,10.);
#582=VECTOR('',#1846,10.);
#583=VECTOR('',#1847,10.);
#584=VECTOR('',#1850,10.);
#585=VECTOR('',#1853,10.);
#586=VECTOR('',#1854,10.);
#587=VECTOR('',#1855,10.);
#588=VECTOR('',#1858,10.);
#589=VECTOR('',#1859,10.);
#590=VECTOR('',#1862,10.);
#591=VECTOR('',#1863,10.);
#592=VECTOR('',#1866,10.);
#593=VECTOR('',#1867,10.);
#594=VECTOR('',#1870,10.);
#595=VECTOR('',#1871,10.);
#596=VECTOR('',#1874,10.);
#597=VECTOR('',#1875,10.);
#598=VECTOR('',#1878,10.);
#599=VECTOR('',#1879,10.);
#600=VECTOR('',#1882,10.);
#601=VECTOR('',#1883,10.);
#602=VECTOR('',#1886,10.);
#603=VECTOR('',#1887,10.);
#604=VECTOR('',#1890,10.);
#605=VECTOR('',#1891,10.);
#606=VECTOR('',#1894,10.);
#607=VECTOR('',#1895,10.);
#608=VECTOR('',#1898,10.);
#609=CIRCLE('',#1438,2.6);
#610=CIRCLE('',#1439,2.6);
#611=CIRCLE('',#1441,2.6);
#612=CIRCLE('',#1442,2.6);
#613=CIRCLE('',#1444,1.6);
#614=CIRCLE('',#1445,1.6);
#615=CIRCLE('',#1449,2.6);
#616=CIRCLE('',#1450,2.6);
#617=CIRCLE('',#1452,2.6);
#618=CIRCLE('',#1453,2.6);
#619=CIRCLE('',#1455,1.6);
#620=CIRCLE('',#1456,1.6);
#621=CIRCLE('',#1460,2.6);
#622=CIRCLE('',#1461,2.6);
#623=CIRCLE('',#1463,2.6);
#624=CIRCLE('',#1464,2.6);
#625=CIRCLE('',#1466,1.6);
#626=CIRCLE('',#1467,1.6);
#627=CIRCLE('',#1471,2.6);
#628=CIRCLE('',#1472,2.6);
#629=CIRCLE('',#1474,2.6);
#630=CIRCLE('',#1475,2.6);
#631=CIRCLE('',#1477,1.6);
#632=CIRCLE('',#1478,1.6);
#633=VERTEX_POINT('',#1903);
#634=VERTEX_POINT('',#1905);
#635=VERTEX_POINT('',#1909);
#636=VERTEX_POINT('',#1911);
#637=VERTEX_POINT('',#1915);
#638=VERTEX_POINT('',#1917);
#639=VERTEX_POINT('',#1923);
#640=VERTEX_POINT('',#1925);
#641=VERTEX_POINT('',#1929);
#642=VERTEX_POINT('',#1931);
#643=VERTEX_POINT('',#1935);
#644=VERTEX_POINT('',#1937);
#645=VERTEX_POINT('',#1943);
#646=VERTEX_POINT('',#1945);
#647=VERTEX_POINT('',#1949);
#648=VERTEX_POINT('',#1951);
#649=VERTEX_POINT('',#1955);
#650=VERTEX_POINT('',#1957);
#651=VERTEX_POINT('',#1963);
#652=VERTEX_POINT('',#1965);
#653=VERTEX_POINT('',#1969);
#654=VERTEX_POINT('',#1971);
#655=VERTEX_POINT('',#1975);
#656=VERTEX_POINT('',#1977);
#657=VERTEX_POINT('',#1983);
#658=VERTEX_POINT('',#1984);
#659=VERTEX_POINT('',#1986);
#660=VERTEX_POINT('',#1988);
#661=VERTEX_POINT('',#1992);
#662=VERTEX_POINT('',#1994);
#663=VERTEX_POINT('',#1998);
#664=VERTEX_POINT('',#2000);
#665=VERTEX_POINT('',#2007);
#666=VERTEX_POINT('',#2008);
#667=VERTEX_POINT('',#2010);
#668=VERTEX_POINT('',#2012);
#669=VERTEX_POINT('',#2014);
#670=VERTEX_POINT('',#2016);
#671=VERTEX_POINT('',#2018);
#672=VERTEX_POINT('',#2020);
#673=VERTEX_POINT('',#2022);
#674=VERTEX_POINT('',#2024);
#675=VERTEX_POINT('',#2026);
#676=VERTEX_POINT('',#2028);
#677=VERTEX_POINT('',#2031);
#678=VERTEX_POINT('',#2032);
#679=VERTEX_POINT('',#2034);
#680=VERTEX_POINT('',#2036);
#681=VERTEX_POINT('',#2038);
#682=VERTEX_POINT('',#2040);
#683=VERTEX_POINT('',#2042);
#684=VERTEX_POINT('',#2044);
#685=VERTEX_POINT('',#2046);
#686=VERTEX_POINT('',#2048);
#687=VERTEX_POINT('',#2050);
#688=VERTEX_POINT('',#2052);
#689=VERTEX_POINT('',#2055);
#690=VERTEX_POINT('',#2056);
#691=VERTEX_POINT('',#2058);
#692=VERTEX_POINT('',#2060);
#693=VERTEX_POINT('',#2062);
#694=VERTEX_POINT('',#2064);
#695=VERTEX_POINT('',#2066);
#696=VERTEX_POINT('',#2068);
#697=VERTEX_POINT('',#2070);
#698=VERTEX_POINT('',#2072);
#699=VERTEX_POINT('',#2074);
#700=VERTEX_POINT('',#2076);
#701=VERTEX_POINT('',#2079);
#702=VERTEX_POINT('',#2080);
#703=VERTEX_POINT('',#2082);
#704=VERTEX_POINT('',#2084);
#705=VERTEX_POINT('',#2086);
#706=VERTEX_POINT('',#2088);
#707=VERTEX_POINT('',#2090);
#708=VERTEX_POINT('',#2092);
#709=VERTEX_POINT('',#2094);
#710=VERTEX_POINT('',#2096);
#711=VERTEX_POINT('',#2098);
#712=VERTEX_POINT('',#2100);
#713=VERTEX_POINT('',#2104);
#714=VERTEX_POINT('',#2105);
#715=VERTEX_POINT('',#2110);
#716=VERTEX_POINT('',#2114);
#717=VERTEX_POINT('',#2118);
#718=VERTEX_POINT('',#2122);
#719=VERTEX_POINT('',#2126);
#720=VERTEX_POINT('',#2130);
#721=VERTEX_POINT('',#2134);
#722=VERTEX_POINT('',#2138);
#723=VERTEX_POINT('',#2142);
#724=VERTEX_POINT('',#2146);
#725=VERTEX_POINT('',#2152);
#726=VERTEX_POINT('',#2153);
#727=VERTEX_POINT('',#2158);
#728=VERTEX_POINT('',#2162);
#729=VERTEX_POINT('',#2166);
#730=VERTEX_POINT('',#2170);
#731=VERTEX_POINT('',#2174);
#732=VERTEX_POINT('',#2178);
#733=VERTEX_POINT('',#2182);
#734=VERTEX_POINT('',#2186);
#735=VERTEX_POINT('',#2190);
#736=VERTEX_POINT('',#2194);
#737=VERTEX_POINT('',#2200);
#738=VERTEX_POINT('',#2201);
#739=VERTEX_POINT('',#2206);
#740=VERTEX_POINT('',#2210);
#741=VERTEX_POINT('',#2214);
#742=VERTEX_POINT('',#2218);
#743=VERTEX_POINT('',#2222);
#744=VERTEX_POINT('',#2226);
#745=VERTEX_POINT('',#2230);
#746=VERTEX_POINT('',#2234);
#747=VERTEX_POINT('',#2238);
#748=VERTEX_POINT('',#2242);
#749=VERTEX_POINT('',#2248);
#750=VERTEX_POINT('',#2249);
#751=VERTEX_POINT('',#2254);
#752=VERTEX_POINT('',#2258);
#753=VERTEX_POINT('',#2262);
#754=VERTEX_POINT('',#2266);
#755=VERTEX_POINT('',#2270);
#756=VERTEX_POINT('',#2274);
#757=VERTEX_POINT('',#2278);
#758=VERTEX_POINT('',#2282);
#759=VERTEX_POINT('',#2286);
#760=VERTEX_POINT('',#2290);
#761=EDGE_CURVE('',#633,#633,#609,.T.);
#762=EDGE_CURVE('',#633,#634,#273,.T.);
#763=EDGE_CURVE('',#634,#634,#610,.T.);
#764=EDGE_CURVE('',#635,#635,#611,.T.);
#765=EDGE_CURVE('',#635,#636,#274,.T.);
#766=EDGE_CURVE('',#636,#636,#612,.T.);
#767=EDGE_CURVE('',#637,#637,#613,.T.);
#768=EDGE_CURVE('',#637,#638,#275,.T.);
#769=EDGE_CURVE('',#638,#638,#614,.T.);
#770=EDGE_CURVE('',#639,#639,#615,.T.);
#771=EDGE_CURVE('',#639,#640,#276,.T.);
#772=EDGE_CURVE('',#640,#640,#616,.T.);
#773=EDGE_CURVE('',#641,#641,#617,.T.);
#774=EDGE_CURVE('',#641,#642,#277,.T.);
#775=EDGE_CURVE('',#642,#642,#618,.T.);
#776=EDGE_CURVE('',#643,#643,#619,.T.);
#777=EDGE_CURVE('',#643,#644,#278,.T.);
#778=EDGE_CURVE('',#644,#644,#620,.T.);
#779=EDGE_CURVE('',#645,#645,#621,.T.);
#780=EDGE_CURVE('',#645,#646,#279,.T.);
#781=EDGE_CURVE('',#646,#646,#622,.T.);
#782=EDGE_CURVE('',#647,#647,#623,.T.);
#783=EDGE_CURVE('',#647,#648,#280,.T.);
#784=EDGE_CURVE('',#648,#648,#624,.T.);
#785=EDGE_CURVE('',#649,#649,#625,.T.);
#786=EDGE_CURVE('',#649,#650,#281,.T.);
#787=EDGE_CURVE('',#650,#650,#626,.T.);
#788=EDGE_CURVE('',#651,#651,#627,.T.);
#789=EDGE_CURVE('',#651,#652,#282,.T.);
#790=EDGE_CURVE('',#652,#652,#628,.T.);
#791=EDGE_CURVE('',#653,#653,#629,.T.);
#792=EDGE_CURVE('',#653,#654,#283,.T.);
#793=EDGE_CURVE('',#654,#654,#630,.T.);
#794=EDGE_CURVE('',#655,#655,#631,.T.);
#795=EDGE_CURVE('',#655,#656,#284,.T.);
#796=EDGE_CURVE('',#656,#656,#632,.T.);
#797=EDGE_CURVE('',#657,#658,#285,.T.);
#798=EDGE_CURVE('',#658,#659,#286,.T.);
#799=EDGE_CURVE('',#660,#659,#287,.T.);
#800=EDGE_CURVE('',#657,#660,#288,.T.);
#801=EDGE_CURVE('',#658,#661,#289,.T.);
#802=EDGE_CURVE('',#661,#662,#290,.T.);
#803=EDGE_CURVE('',#659,#662,#291,.T.);
#804=EDGE_CURVE('',#661,#663,#292,.T.);
#805=EDGE_CURVE('',#663,#664,#293,.T.);
#806=EDGE_CURVE('',#662,#664,#294,.T.);
#807=EDGE_CURVE('',#664,#660,#295,.T.);
#808=EDGE_CURVE('',#663,#657,#296,.T.);
#809=EDGE_CURVE('',#665,#666,#297,.T.);
#810=EDGE_CURVE('',#666,#667,#298,.T.);
#811=EDGE_CURVE('',#667,#668,#299,.T.);
#812=EDGE_CURVE('',#668,#669,#300,.T.);
#813=EDGE_CURVE('',#669,#670,#301,.T.);
#814=EDGE_CURVE('',#670,#671,#302,.T.);
#815=EDGE_CURVE('',#671,#672,#303,.T.);
#816=EDGE_CURVE('',#672,#673,#304,.T.);
#817=EDGE_CURVE('',#673,#674,#305,.T.);
#818=EDGE_CURVE('',#674,#675,#306,.T.);
#819=EDGE_CURVE('',#675,#676,#307,.T.);
#820=EDGE_CURVE('',#676,#665,#308,.T.);
#821=EDGE_CURVE('',#677,#678,#309,.T.);
#822=EDGE_CURVE('',#678,#679,#310,.T.);
#823=EDGE_CURVE('',#679,#680,#311,.T.);
#824=EDGE_CURVE('',#680,#681,#312,.T.);
#825=EDGE_CURVE('',#681,#682,#313,.T.);
#826=EDGE_CURVE('',#682,#683,#314,.T.);
#827=EDGE_CURVE('',#683,#684,#315,.T.);
#828=EDGE_CURVE('',#684,#685,#316,.T.);
#829=EDGE_CURVE('',#685,#686,#317,.T.);
#830=EDGE_CURVE('',#686,#687,#318,.T.);
#831=EDGE_CURVE('',#687,#688,#319,.T.);
#832=EDGE_CURVE('',#688,#677,#320,.T.);
#833=EDGE_CURVE('',#689,#690,#321,.T.);
#834=EDGE_CURVE('',#690,#691,#322,.T.);
#835=EDGE_CURVE('',#691,#692,#323,.T.);
#836=EDGE_CURVE('',#692,#693,#324,.T.);
#837=EDGE_CURVE('',#693,#694,#325,.T.);
#838=EDGE_CURVE('',#694,#695,#326,.T.);
#839=EDGE_CURVE('',#695,#696,#327,.T.);
#840=EDGE_CURVE('',#696,#697,#328,.T.);
#841=EDGE_CURVE('',#697,#698,#329,.T.);
#842=EDGE_CURVE('',#698,#699,#330,.T.);
#843=EDGE_CURVE('',#699,#700,#331,.T.);
#844=EDGE_CURVE('',#700,#689,#332,.T.);
#845=EDGE_CURVE('',#701,#702,#333,.T.);
#846=EDGE_CURVE('',#702,#703,#334,.T.);
#847=EDGE_CURVE('',#703,#704,#335,.T.);
#848=EDGE_CURVE('',#704,#705,#336,.T.);
#849=EDGE_CURVE('',#705,#706,#337,.T.);
#850=EDGE_CURVE('',#706,#707,#338,.T.);
#851=EDGE_CURVE('',#707,#708,#339,.T.);
#852=EDGE_CURVE('',#708,#709,#340,.T.);
#853=EDGE_CURVE('',#709,#710,#341,.T.);
#854=EDGE_CURVE('',#710,#711,#342,.T.);
#855=EDGE_CURVE('',#711,#712,#343,.T.);
#856=EDGE_CURVE('',#712,#701,#344,.T.);
#857=EDGE_CURVE('',#713,#714,#345,.T.);
#858=EDGE_CURVE('',#714,#665,#346,.T.);
#859=EDGE_CURVE('',#713,#676,#347,.T.);
#860=EDGE_CURVE('',#715,#713,#348,.T.);
#861=EDGE_CURVE('',#715,#675,#349,.T.);
#862=EDGE_CURVE('',#716,#715,#350,.T.);
#863=EDGE_CURVE('',#716,#674,#351,.T.);
#864=EDGE_CURVE('',#717,#716,#352,.T.);
#865=EDGE_CURVE('',#717,#673,#353,.T.);
#866=EDGE_CURVE('',#718,#717,#354,.T.);
#867=EDGE_CURVE('',#718,#672,#355,.T.);
#868=EDGE_CURVE('',#719,#718,#356,.T.);
#869=EDGE_CURVE('',#719,#671,#357,.T.);
#870=EDGE_CURVE('',#720,#719,#358,.T.);
#871=EDGE_CURVE('',#720,#670,#359,.T.);
#872=EDGE_CURVE('',#721,#720,#360,.T.);
#873=EDGE_CURVE('',#721,#669,#361,.T.);
#874=EDGE_CURVE('',#722,#721,#362,.T.);
#875=EDGE_CURVE('',#722,#668,#363,.T.);
#876=EDGE_CURVE('',#723,#722,#364,.T.);
#877=EDGE_CURVE('',#723,#667,#365,.T.);
#878=EDGE_CURVE('',#724,#723,#366,.T.);
#879=EDGE_CURVE('',#724,#666,#367,.T.);
#880=EDGE_CURVE('',#714,#724,#368,.T.);
#881=EDGE_CURVE('',#725,#726,#369,.T.);
#882=EDGE_CURVE('',#726,#677,#370,.T.);
#883=EDGE_CURVE('',#725,#688,#371,.T.);
#884=EDGE_CURVE('',#727,#725,#372,.T.);
#885=EDGE_CURVE('',#727,#687,#373,.T.);
#886=EDGE_CURVE('',#728,#727,#374,.T.);
#887=EDGE_CURVE('',#728,#686,#375,.T.);
#888=EDGE_CURVE('',#729,#728,#376,.T.);
#889=EDGE_CURVE('',#729,#685,#377,.T.);
#890=EDGE_CURVE('',#730,#729,#378,.T.);
#891=EDGE_CURVE('',#730,#684,#379,.T.);
#892=EDGE_CURVE('',#731,#730,#380,.T.);
#893=EDGE_CURVE('',#731,#683,#381,.T.);
#894=EDGE_CURVE('',#732,#731,#382,.T.);
#895=EDGE_CURVE('',#732,#682,#383,.T.);
#896=EDGE_CURVE('',#733,#732,#384,.T.);
#897=EDGE_CURVE('',#733,#681,#385,.T.);
#898=EDGE_CURVE('',#734,#733,#386,.T.);
#899=EDGE_CURVE('',#734,#680,#387,.T.);
#900=EDGE_CURVE('',#735,#734,#388,.T.);
#901=EDGE_CURVE('',#735,#679,#389,.T.);
#902=EDGE_CURVE('',#736,#735,#390,.T.);
#903=EDGE_CURVE('',#736,#678,#391,.T.);
#904=EDGE_CURVE('',#726,#736,#392,.T.);
#905=EDGE_CURVE('',#737,#738,#393,.T.);
#906=EDGE_CURVE('',#738,#689,#394,.T.);
#907=EDGE_CURVE('',#737,#700,#395,.T.);
#908=EDGE_CURVE('',#739,#737,#396,.T.);
#909=EDGE_CURVE('',#739,#699,#397,.T.);
#910=EDGE_CURVE('',#740,#739,#398,.T.);
#911=EDGE_CURVE('',#740,#698,#399,.T.);
#912=EDGE_CURVE('',#741,#740,#400,.T.);
#913=EDGE_CURVE('',#741,#697,#401,.T.);
#914=EDGE_CURVE('',#742,#741,#402,.T.);
#915=EDGE_CURVE('',#742,#696,#403,.T.);
#916=EDGE_CURVE('',#743,#742,#404,.T.);
#917=EDGE_CURVE('',#743,#695,#405,.T.);
#918=EDGE_CURVE('',#744,#743,#406,.T.);
#919=EDGE_CURVE('',#744,#694,#407,.T.);
#920=EDGE_CURVE('',#745,#744,#408,.T.);
#921=EDGE_CURVE('',#745,#693,#409,.T.);
#922=EDGE_CURVE('',#746,#745,#410,.T.);
#923=EDGE_CURVE('',#746,#692,#411,.T.);
#924=EDGE_CURVE('',#747,#746,#412,.T.);
#925=EDGE_CURVE('',#747,#691,#413,.T.);
#926=EDGE_CURVE('',#748,#747,#414,.T.);
#927=EDGE_CURVE('',#748,#690,#415,.T.);
#928=EDGE_CURVE('',#738,#748,#416,.T.);
#929=EDGE_CURVE('',#749,#750,#417,.T.);
#930=EDGE_CURVE('',#750,#701,#418,.T.);
#931=EDGE_CURVE('',#749,#712,#419,.T.);
#932=EDGE_CURVE('',#751,#749,#420,.T.);
#933=EDGE_CURVE('',#751,#711,#421,.T.);
#934=EDGE_CURVE('',#752,#751,#422,.T.);
#935=EDGE_CURVE('',#752,#710,#423,.T.);
#936=EDGE_CURVE('',#753,#752,#424,.T.);
#937=EDGE_CURVE('',#753,#709,#425,.T.);
#938=EDGE_CURVE('',#754,#753,#426,.T.);
#939=EDGE_CURVE('',#754,#708,#427,.T.);
#940=EDGE_CURVE('',#755,#754,#428,.T.);
#941=EDGE_CURVE('',#755,#707,#429,.T.);
#942=EDGE_CURVE('',#756,#755,#430,.T.);
#943=EDGE_CURVE('',#756,#706,#431,.T.);
#944=EDGE_CURVE('',#757,#756,#432,.T.);
#945=EDGE_CURVE('',#757,#705,#433,.T.);
#946=EDGE_CURVE('',#758,#757,#434,.T.);
#947=EDGE_CURVE('',#758,#704,#435,.T.);
#948=EDGE_CURVE('',#759,#758,#436,.T.);
#949=EDGE_CURVE('',#759,#703,#437,.T.);
#950=EDGE_CURVE('',#760,#759,#438,.T.);
#951=EDGE_CURVE('',#760,#702,#439,.T.);
#952=EDGE_CURVE('',#750,#760,#440,.T.);
#953=ORIENTED_EDGE('',*,*,#761,.F.);
#954=ORIENTED_EDGE('',*,*,#762,.T.);
#955=ORIENTED_EDGE('',*,*,#763,.T.);
#956=ORIENTED_EDGE('',*,*,#762,.F.);
#957=ORIENTED_EDGE('',*,*,#764,.F.);
#958=ORIENTED_EDGE('',*,*,#765,.T.);
#959=ORIENTED_EDGE('',*,*,#766,.F.);
#960=ORIENTED_EDGE('',*,*,#765,.F.);
#961=ORIENTED_EDGE('',*,*,#767,.F.);
#962=ORIENTED_EDGE('',*,*,#768,.T.);
#963=ORIENTED_EDGE('',*,*,#769,.F.);
#964=ORIENTED_EDGE('',*,*,#768,.F.);
#965=ORIENTED_EDGE('',*,*,#764,.T.);
#966=ORIENTED_EDGE('',*,*,#769,.T.);
#967=ORIENTED_EDGE('',*,*,#763,.F.);
#968=ORIENTED_EDGE('',*,*,#767,.T.);
#969=ORIENTED_EDGE('',*,*,#770,.F.);
#970=ORIENTED_EDGE('',*,*,#771,.T.);
#971=ORIENTED_EDGE('',*,*,#772,.T.);
#972=ORIENTED_EDGE('',*,*,#771,.F.);
#973=ORIENTED_EDGE('',*,*,#773,.F.);
#974=ORIENTED_EDGE('',*,*,#774,.T.);
#975=ORIENTED_EDGE('',*,*,#775,.F.);
#976=ORIENTED_EDGE('',*,*,#774,.F.);
#977=ORIENTED_EDGE('',*,*,#776,.F.);
#978=ORIENTED_EDGE('',*,*,#777,.T.);
#979=ORIENTED_EDGE('',*,*,#778,.F.);
#980=ORIENTED_EDGE('',*,*,#777,.F.);
#981=ORIENTED_EDGE('',*,*,#773,.T.);
#982=ORIENTED_EDGE('',*,*,#778,.T.);
#983=ORIENTED_EDGE('',*,*,#772,.F.);
#984=ORIENTED_EDGE('',*,*,#776,.T.);
#985=ORIENTED_EDGE('',*,*,#779,.F.);
#986=ORIENTED_EDGE('',*,*,#780,.T.);
#987=ORIENTED_EDGE('',*,*,#781,.T.);
#988=ORIENTED_EDGE('',*,*,#780,.F.);
#989=ORIENTED_EDGE('',*,*,#782,.F.);
#990=ORIENTED_EDGE('',*,*,#783,.T.);
#991=ORIENTED_EDGE('',*,*,#784,.F.);
#992=ORIENTED_EDGE('',*,*,#783,.F.);
#993=ORIENTED_EDGE('',*,*,#785,.F.);
#994=ORIENTED_EDGE('',*,*,#786,.T.);
#995=ORIENTED_EDGE('',*,*,#787,.F.);
#996=ORIENTED_EDGE('',*,*,#786,.F.);
#997=ORIENTED_EDGE('',*,*,#782,.T.);
#998=ORIENTED_EDGE('',*,*,#787,.T.);
#999=ORIENTED_EDGE('',*,*,#781,.F.);
#1000=ORIENTED_EDGE('',*,*,#785,.T.);
#1001=ORIENTED_EDGE('',*,*,#788,.F.);
#1002=ORIENTED_EDGE('',*,*,#789,.T.);
#1003=ORIENTED_EDGE('',*,*,#790,.T.);
#1004=ORIENTED_EDGE('',*,*,#789,.F.);
#1005=ORIENTED_EDGE('',*,*,#791,.F.);
#1006=ORIENTED_EDGE('',*,*,#792,.T.);
#1007=ORIENTED_EDGE('',*,*,#793,.F.);
#1008=ORIENTED_EDGE('',*,*,#792,.F.);
#1009=ORIENTED_EDGE('',*,*,#794,.F.);
#1010=ORIENTED_EDGE('',*,*,#795,.T.);
#1011=ORIENTED_EDGE('',*,*,#796,.F.);
#1012=ORIENTED_EDGE('',*,*,#795,.F.);
#1013=ORIENTED_EDGE('',*,*,#791,.T.);
#1014=ORIENTED_EDGE('',*,*,#796,.T.);
#1015=ORIENTED_EDGE('',*,*,#790,.F.);
#1016=ORIENTED_EDGE('',*,*,#794,.T.);
#1017=ORIENTED_EDGE('',*,*,#797,.T.);
#1018=ORIENTED_EDGE('',*,*,#798,.T.);
#1019=ORIENTED_EDGE('',*,*,#799,.F.);
#1020=ORIENTED_EDGE('',*,*,#800,.F.);
#1021=ORIENTED_EDGE('',*,*,#801,.T.);
#1022=ORIENTED_EDGE('',*,*,#802,.T.);
#1023=ORIENTED_EDGE('',*,*,#803,.F.);
#1024=ORIENTED_EDGE('',*,*,#798,.F.);
#1025=ORIENTED_EDGE('',*,*,#804,.T.);
#1026=ORIENTED_EDGE('',*,*,#805,.T.);
#1027=ORIENTED_EDGE('',*,*,#806,.F.);
#1028=ORIENTED_EDGE('',*,*,#802,.F.);
#1029=ORIENTED_EDGE('',*,*,#807,.F.);
#1030=ORIENTED_EDGE('',*,*,#805,.F.);
#1031=ORIENTED_EDGE('',*,*,#808,.T.);
#1032=ORIENTED_EDGE('',*,*,#800,.T.);
#1033=ORIENTED_EDGE('',*,*,#797,.F.);
#1034=ORIENTED_EDGE('',*,*,#808,.F.);
#1035=ORIENTED_EDGE('',*,*,#804,.F.);
#1036=ORIENTED_EDGE('',*,*,#801,.F.);
#1037=ORIENTED_EDGE('',*,*,#766,.T.);
#1038=ORIENTED_EDGE('',*,*,#793,.T.);
#1039=ORIENTED_EDGE('',*,*,#784,.T.);
#1040=ORIENTED_EDGE('',*,*,#775,.T.);
#1041=ORIENTED_EDGE('',*,*,#809,.T.);
#1042=ORIENTED_EDGE('',*,*,#810,.T.);
#1043=ORIENTED_EDGE('',*,*,#811,.T.);
#1044=ORIENTED_EDGE('',*,*,#812,.T.);
#1045=ORIENTED_EDGE('',*,*,#813,.T.);
#1046=ORIENTED_EDGE('',*,*,#814,.T.);
#1047=ORIENTED_EDGE('',*,*,#815,.T.);
#1048=ORIENTED_EDGE('',*,*,#816,.T.);
#1049=ORIENTED_EDGE('',*,*,#817,.T.);
#1050=ORIENTED_EDGE('',*,*,#818,.T.);
#1051=ORIENTED_EDGE('',*,*,#819,.T.);
#1052=ORIENTED_EDGE('',*,*,#820,.T.);
#1053=ORIENTED_EDGE('',*,*,#821,.T.);
#1054=ORIENTED_EDGE('',*,*,#822,.T.);
#1055=ORIENTED_EDGE('',*,*,#823,.T.);
#1056=ORIENTED_EDGE('',*,*,#824,.T.);
#1057=ORIENTED_EDGE('',*,*,#825,.T.);
#1058=ORIENTED_EDGE('',*,*,#826,.T.);
#1059=ORIENTED_EDGE('',*,*,#827,.T.);
#1060=ORIENTED_EDGE('',*,*,#828,.T.);
#1061=ORIENTED_EDGE('',*,*,#829,.T.);
#1062=ORIENTED_EDGE('',*,*,#830,.T.);
#1063=ORIENTED_EDGE('',*,*,#831,.T.);
#1064=ORIENTED_EDGE('',*,*,#832,.T.);
#1065=ORIENTED_EDGE('',*,*,#833,.T.);
#1066=ORIENTED_EDGE('',*,*,#834,.T.);
#1067=ORIENTED_EDGE('',*,*,#835,.T.);
#1068=ORIENTED_EDGE('',*,*,#836,.T.);
#1069=ORIENTED_EDGE('',*,*,#837,.T.);
#1070=ORIENTED_EDGE('',*,*,#838,.T.);
#1071=ORIENTED_EDGE('',*,*,#839,.T.);
#1072=ORIENTED_EDGE('',*,*,#840,.T.);
#1073=ORIENTED_EDGE('',*,*,#841,.T.);
#1074=ORIENTED_EDGE('',*,*,#842,.T.);
#1075=ORIENTED_EDGE('',*,*,#843,.T.);
#1076=ORIENTED_EDGE('',*,*,#844,.T.);
#1077=ORIENTED_EDGE('',*,*,#845,.T.);
#1078=ORIENTED_EDGE('',*,*,#846,.T.);
#1079=ORIENTED_EDGE('',*,*,#847,.T.);
#1080=ORIENTED_EDGE('',*,*,#848,.T.);
#1081=ORIENTED_EDGE('',*,*,#849,.T.);
#1082=ORIENTED_EDGE('',*,*,#850,.T.);
#1083=ORIENTED_EDGE('',*,*,#851,.T.);
#1084=ORIENTED_EDGE('',*,*,#852,.T.);
#1085=ORIENTED_EDGE('',*,*,#853,.T.);
#1086=ORIENTED_EDGE('',*,*,#854,.T.);
#1087=ORIENTED_EDGE('',*,*,#855,.T.);
#1088=ORIENTED_EDGE('',*,*,#856,.T.);
#1089=ORIENTED_EDGE('',*,*,#857,.T.);
#1090=ORIENTED_EDGE('',*,*,#858,.T.);
#1091=ORIENTED_EDGE('',*,*,#820,.F.);
#1092=ORIENTED_EDGE('',*,*,#859,.F.);
#1093=ORIENTED_EDGE('',*,*,#860,.T.);
#1094=ORIENTED_EDGE('',*,*,#859,.T.);
#1095=ORIENTED_EDGE('',*,*,#819,.F.);
#1096=ORIENTED_EDGE('',*,*,#861,.F.);
#1097=ORIENTED_EDGE('',*,*,#862,.T.);
#1098=ORIENTED_EDGE('',*,*,#861,.T.);
#1099=ORIENTED_EDGE('',*,*,#818,.F.);
#1100=ORIENTED_EDGE('',*,*,#863,.F.);
#1101=ORIENTED_EDGE('',*,*,#864,.T.);
#1102=ORIENTED_EDGE('',*,*,#863,.T.);
#1103=ORIENTED_EDGE('',*,*,#817,.F.);
#1104=ORIENTED_EDGE('',*,*,#865,.F.);
#1105=ORIENTED_EDGE('',*,*,#866,.T.);
#1106=ORIENTED_EDGE('',*,*,#865,.T.);
#1107=ORIENTED_EDGE('',*,*,#816,.F.);
#1108=ORIENTED_EDGE('',*,*,#867,.F.);
#1109=ORIENTED_EDGE('',*,*,#868,.T.);
#1110=ORIENTED_EDGE('',*,*,#867,.T.);
#1111=ORIENTED_EDGE('',*,*,#815,.F.);
#1112=ORIENTED_EDGE('',*,*,#869,.F.);
#1113=ORIENTED_EDGE('',*,*,#870,.T.);
#1114=ORIENTED_EDGE('',*,*,#869,.T.);
#1115=ORIENTED_EDGE('',*,*,#814,.F.);
#1116=ORIENTED_EDGE('',*,*,#871,.F.);
#1117=ORIENTED_EDGE('',*,*,#872,.T.);
#1118=ORIENTED_EDGE('',*,*,#871,.T.);
#1119=ORIENTED_EDGE('',*,*,#813,.F.);
#1120=ORIENTED_EDGE('',*,*,#873,.F.);
#1121=ORIENTED_EDGE('',*,*,#874,.T.);
#1122=ORIENTED_EDGE('',*,*,#873,.T.);
#1123=ORIENTED_EDGE('',*,*,#812,.F.);
#1124=ORIENTED_EDGE('',*,*,#875,.F.);
#1125=ORIENTED_EDGE('',*,*,#876,.T.);
#1126=ORIENTED_EDGE('',*,*,#875,.T.);
#1127=ORIENTED_EDGE('',*,*,#811,.F.);
#1128=ORIENTED_EDGE('',*,*,#877,.F.);
#1129=ORIENTED_EDGE('',*,*,#878,.T.);
#1130=ORIENTED_EDGE('',*,*,#877,.T.);
#1131=ORIENTED_EDGE('',*,*,#810,.F.);
#1132=ORIENTED_EDGE('',*,*,#879,.F.);
#1133=ORIENTED_EDGE('',*,*,#880,.T.);
#1134=ORIENTED_EDGE('',*,*,#879,.T.);
#1135=ORIENTED_EDGE('',*,*,#809,.F.);
#1136=ORIENTED_EDGE('',*,*,#858,.F.);
#1137=ORIENTED_EDGE('',*,*,#881,.T.);
#1138=ORIENTED_EDGE('',*,*,#882,.T.);
#1139=ORIENTED_EDGE('',*,*,#832,.F.);
#1140=ORIENTED_EDGE('',*,*,#883,.F.);
#1141=ORIENTED_EDGE('',*,*,#884,.T.);
#1142=ORIENTED_EDGE('',*,*,#883,.T.);
#1143=ORIENTED_EDGE('',*,*,#831,.F.);
#1144=ORIENTED_EDGE('',*,*,#885,.F.);
#1145=ORIENTED_EDGE('',*,*,#886,.T.);
#1146=ORIENTED_EDGE('',*,*,#885,.T.);
#1147=ORIENTED_EDGE('',*,*,#830,.F.);
#1148=ORIENTED_EDGE('',*,*,#887,.F.);
#1149=ORIENTED_EDGE('',*,*,#888,.T.);
#1150=ORIENTED_EDGE('',*,*,#887,.T.);
#1151=ORIENTED_EDGE('',*,*,#829,.F.);
#1152=ORIENTED_EDGE('',*,*,#889,.F.);
#1153=ORIENTED_EDGE('',*,*,#890,.T.);
#1154=ORIENTED_EDGE('',*,*,#889,.T.);
#1155=ORIENTED_EDGE('',*,*,#828,.F.);
#1156=ORIENTED_EDGE('',*,*,#891,.F.);
#1157=ORIENTED_EDGE('',*,*,#892,.T.);
#1158=ORIENTED_EDGE('',*,*,#891,.T.);
#1159=ORIENTED_EDGE('',*,*,#827,.F.);
#1160=ORIENTED_EDGE('',*,*,#893,.F.);
#1161=ORIENTED_EDGE('',*,*,#894,.T.);
#1162=ORIENTED_EDGE('',*,*,#893,.T.);
#1163=ORIENTED_EDGE('',*,*,#826,.F.);
#1164=ORIENTED_EDGE('',*,*,#895,.F.);
#1165=ORIENTED_EDGE('',*,*,#896,.T.);
#1166=ORIENTED_EDGE('',*,*,#895,.T.);
#1167=ORIENTED_EDGE('',*,*,#825,.F.);
#1168=ORIENTED_EDGE('',*,*,#897,.F.);
#1169=ORIENTED_EDGE('',*,*,#898,.T.);
#1170=ORIENTED_EDGE('',*,*,#897,.T.);
#1171=ORIENTED_EDGE('',*,*,#824,.F.);
#1172=ORIENTED_EDGE('',*,*,#899,.F.);
#1173=ORIENTED_EDGE('',*,*,#900,.T.);
#1174=ORIENTED_EDGE('',*,*,#899,.T.);
#1175=ORIENTED_EDGE('',*,*,#823,.F.);
#1176=ORIENTED_EDGE('',*,*,#901,.F.);
#1177=ORIENTED_EDGE('',*,*,#902,.T.);
#1178=ORIENTED_EDGE('',*,*,#901,.T.);
#1179=ORIENTED_EDGE('',*,*,#822,.F.);
#1180=ORIENTED_EDGE('',*,*,#903,.F.);
#1181=ORIENTED_EDGE('',*,*,#904,.T.);
#1182=ORIENTED_EDGE('',*,*,#903,.T.);
#1183=ORIENTED_EDGE('',*,*,#821,.F.);
#1184=ORIENTED_EDGE('',*,*,#882,.F.);
#1185=ORIENTED_EDGE('',*,*,#905,.T.);
#1186=ORIENTED_EDGE('',*,*,#906,.T.);
#1187=ORIENTED_EDGE('',*,*,#844,.F.);
#1188=ORIENTED_EDGE('',*,*,#907,.F.);
#1189=ORIENTED_EDGE('',*,*,#908,.T.);
#1190=ORIENTED_EDGE('',*,*,#907,.T.);
#1191=ORIENTED_EDGE('',*,*,#843,.F.);
#1192=ORIENTED_EDGE('',*,*,#909,.F.);
#1193=ORIENTED_EDGE('',*,*,#910,.T.);
#1194=ORIENTED_EDGE('',*,*,#909,.T.);
#1195=ORIENTED_EDGE('',*,*,#842,.F.);
#1196=ORIENTED_EDGE('',*,*,#911,.F.);
#1197=ORIENTED_EDGE('',*,*,#912,.T.);
#1198=ORIENTED_EDGE('',*,*,#911,.T.);
#1199=ORIENTED_EDGE('',*,*,#841,.F.);
#1200=ORIENTED_EDGE('',*,*,#913,.F.);
#1201=ORIENTED_EDGE('',*,*,#914,.T.);
#1202=ORIENTED_EDGE('',*,*,#913,.T.);
#1203=ORIENTED_EDGE('',*,*,#840,.F.);
#1204=ORIENTED_EDGE('',*,*,#915,.F.);
#1205=ORIENTED_EDGE('',*,*,#916,.T.);
#1206=ORIENTED_EDGE('',*,*,#915,.T.);
#1207=ORIENTED_EDGE('',*,*,#839,.F.);
#1208=ORIENTED_EDGE('',*,*,#917,.F.);
#1209=ORIENTED_EDGE('',*,*,#918,.T.);
#1210=ORIENTED_EDGE('',*,*,#917,.T.);
#1211=ORIENTED_EDGE('',*,*,#838,.F.);
#1212=ORIENTED_EDGE('',*,*,#919,.F.);
#1213=ORIENTED_EDGE('',*,*,#920,.T.);
#1214=ORIENTED_EDGE('',*,*,#919,.T.);
#1215=ORIENTED_EDGE('',*,*,#837,.F.);
#1216=ORIENTED_EDGE('',*,*,#921,.F.);
#1217=ORIENTED_EDGE('',*,*,#922,.T.);
#1218=ORIENTED_EDGE('',*,*,#921,.T.);
#1219=ORIENTED_EDGE('',*,*,#836,.F.);
#1220=ORIENTED_EDGE('',*,*,#923,.F.);
#1221=ORIENTED_EDGE('',*,*,#924,.T.);
#1222=ORIENTED_EDGE('',*,*,#923,.T.);
#1223=ORIENTED_EDGE('',*,*,#835,.F.);
#1224=ORIENTED_EDGE('',*,*,#925,.F.);
#1225=ORIENTED_EDGE('',*,*,#926,.T.);
#1226=ORIENTED_EDGE('',*,*,#925,.T.);
#1227=ORIENTED_EDGE('',*,*,#834,.F.);
#1228=ORIENTED_EDGE('',*,*,#927,.F.);
#1229=ORIENTED_EDGE('',*,*,#928,.T.);
#1230=ORIENTED_EDGE('',*,*,#927,.T.);
#1231=ORIENTED_EDGE('',*,*,#833,.F.);
#1232=ORIENTED_EDGE('',*,*,#906,.F.);
#1233=ORIENTED_EDGE('',*,*,#929,.T.);
#1234=ORIENTED_EDGE('',*,*,#930,.T.);
#1235=ORIENTED_EDGE('',*,*,#856,.F.);
#1236=ORIENTED_EDGE('',*,*,#931,.F.);
#1237=ORIENTED_EDGE('',*,*,#932,.T.);
#1238=ORIENTED_EDGE('',*,*,#931,.T.);
#1239=ORIENTED_EDGE('',*,*,#855,.F.);
#1240=ORIENTED_EDGE('',*,*,#933,.F.);
#1241=ORIENTED_EDGE('',*,*,#934,.T.);
#1242=ORIENTED_EDGE('',*,*,#933,.T.);
#1243=ORIENTED_EDGE('',*,*,#854,.F.);
#1244=ORIENTED_EDGE('',*,*,#935,.F.);
#1245=ORIENTED_EDGE('',*,*,#936,.T.);
#1246=ORIENTED_EDGE('',*,*,#935,.T.);
#1247=ORIENTED_EDGE('',*,*,#853,.F.);
#1248=ORIENTED_EDGE('',*,*,#937,.F.);
#1249=ORIENTED_EDGE('',*,*,#938,.T.);
#1250=ORIENTED_EDGE('',*,*,#937,.T.);
#1251=ORIENTED_EDGE('',*,*,#852,.F.);
#1252=ORIENTED_EDGE('',*,*,#939,.F.);
#1253=ORIENTED_EDGE('',*,*,#940,.T.);
#1254=ORIENTED_EDGE('',*,*,#939,.T.);
#1255=ORIENTED_EDGE('',*,*,#851,.F.);
#1256=ORIENTED_EDGE('',*,*,#941,.F.);
#1257=ORIENTED_EDGE('',*,*,#942,.T.);
#1258=ORIENTED_EDGE('',*,*,#941,.T.);
#1259=ORIENTED_EDGE('',*,*,#850,.F.);
#1260=ORIENTED_EDGE('',*,*,#943,.F.);
#1261=ORIENTED_EDGE('',*,*,#944,.T.);
#1262=ORIENTED_EDGE('',*,*,#943,.T.);
#1263=ORIENTED_EDGE('',*,*,#849,.F.);
#1264=ORIENTED_EDGE('',*,*,#945,.F.);
#1265=ORIENTED_EDGE('',*,*,#946,.T.);
#1266=ORIENTED_EDGE('',*,*,#945,.T.);
#1267=ORIENTED_EDGE('',*,*,#848,.F.);
#1268=ORIENTED_EDGE('',*,*,#947,.F.);
#1269=ORIENTED_EDGE('',*,*,#948,.T.);
#1270=ORIENTED_EDGE('',*,*,#947,.T.);
#1271=ORIENTED_EDGE('',*,*,#847,.F.);
#1272=ORIENTED_EDGE('',*,*,#949,.F.);
#1273=ORIENTED_EDGE('',*,*,#950,.T.);
#1274=ORIENTED_EDGE('',*,*,#949,.T.);
#1275=ORIENTED_EDGE('',*,*,#846,.F.);
#1276=ORIENTED_EDGE('',*,*,#951,.F.);
#1277=ORIENTED_EDGE('',*,*,#952,.T.);
#1278=ORIENTED_EDGE('',*,*,#951,.T.);
#1279=ORIENTED_EDGE('',*,*,#845,.F.);
#1280=ORIENTED_EDGE('',*,*,#930,.F.);
#1281=ORIENTED_EDGE('',*,*,#799,.T.);
#1282=ORIENTED_EDGE('',*,*,#803,.T.);
#1283=ORIENTED_EDGE('',*,*,#806,.T.);
#1284=ORIENTED_EDGE('',*,*,#807,.T.);
#1285=ORIENTED_EDGE('',*,*,#761,.T.);
#1286=ORIENTED_EDGE('',*,*,#788,.T.);
#1287=ORIENTED_EDGE('',*,*,#779,.T.);
#1288=ORIENTED_EDGE('',*,*,#770,.T.);
#1289=ORIENTED_EDGE('',*,*,#952,.F.);
#1290=ORIENTED_EDGE('',*,*,#929,.F.);
#1291=ORIENTED_EDGE('',*,*,#932,.F.);
#1292=ORIENTED_EDGE('',*,*,#934,.F.);
#1293=ORIENTED_EDGE('',*,*,#936,.F.);
#1294=ORIENTED_EDGE('',*,*,#938,.F.);
#1295=ORIENTED_EDGE('',*,*,#940,.F.);
#1296=ORIENTED_EDGE('',*,*,#942,.F.);
#1297=ORIENTED_EDGE('',*,*,#944,.F.);
#1298=ORIENTED_EDGE('',*,*,#946,.F.);
#1299=ORIENTED_EDGE('',*,*,#948,.F.);
#1300=ORIENTED_EDGE('',*,*,#950,.F.);
#1301=ORIENTED_EDGE('',*,*,#928,.F.);
#1302=ORIENTED_EDGE('',*,*,#905,.F.);
#1303=ORIENTED_EDGE('',*,*,#908,.F.);
#1304=ORIENTED_EDGE('',*,*,#910,.F.);
#1305=ORIENTED_EDGE('',*,*,#912,.F.);
#1306=ORIENTED_EDGE('',*,*,#914,.F.);
#1307=ORIENTED_EDGE('',*,*,#916,.F.);
#1308=ORIENTED_EDGE('',*,*,#918,.F.);
#1309=ORIENTED_EDGE('',*,*,#920,.F.);
#1310=ORIENTED_EDGE('',*,*,#922,.F.);
#1311=ORIENTED_EDGE('',*,*,#924,.F.);
#1312=ORIENTED_EDGE('',*,*,#926,.F.);
#1313=ORIENTED_EDGE('',*,*,#904,.F.);
#1314=ORIENTED_EDGE('',*,*,#881,.F.);
#1315=ORIENTED_EDGE('',*,*,#884,.F.);
#1316=ORIENTED_EDGE('',*,*,#886,.F.);
#1317=ORIENTED_EDGE('',*,*,#888,.F.);
#1318=ORIENTED_EDGE('',*,*,#890,.F.);
#1319=ORIENTED_EDGE('',*,*,#892,.F.);
#1320=ORIENTED_EDGE('',*,*,#894,.F.);
#1321=ORIENTED_EDGE('',*,*,#896,.F.);
#1322=ORIENTED_EDGE('',*,*,#898,.F.);
#1323=ORIENTED_EDGE('',*,*,#900,.F.);
#1324=ORIENTED_EDGE('',*,*,#902,.F.);
#1325=ORIENTED_EDGE('',*,*,#880,.F.);
#1326=ORIENTED_EDGE('',*,*,#857,.F.);
#1327=ORIENTED_EDGE('',*,*,#860,.F.);
#1328=ORIENTED_EDGE('',*,*,#862,.F.);
#1329=ORIENTED_EDGE('',*,*,#864,.F.);
#1330=ORIENTED_EDGE('',*,*,#866,.F.);
#1331=ORIENTED_EDGE('',*,*,#868,.F.);
#1332=ORIENTED_EDGE('',*,*,#870,.F.);
#1333=ORIENTED_EDGE('',*,*,#872,.F.);
#1334=ORIENTED_EDGE('',*,*,#874,.F.);
#1335=ORIENTED_EDGE('',*,*,#876,.F.);
#1336=ORIENTED_EDGE('',*,*,#878,.F.);
#1337=CYLINDRICAL_SURFACE('',#1437,2.6);
#1338=CYLINDRICAL_SURFACE('',#1440,2.6);
#1339=CYLINDRICAL_SURFACE('',#1443,1.6);
#1340=CYLINDRICAL_SURFACE('',#1448,2.6);
#1341=CYLINDRICAL_SURFACE('',#1451,2.6);
#1342=CYLINDRICAL_SURFACE('',#1454,1.6);
#1343=CYLINDRICAL_SURFACE('',#1459,2.6);
#1344=CYLINDRICAL_SURFACE('',#1462,2.6);
#1345=CYLINDRICAL_SURFACE('',#1465,1.6);
#1346=CYLINDRICAL_SURFACE('',#1470,2.6);
#1347=CYLINDRICAL_SURFACE('',#1473,2.6);
#1348=CYLINDRICAL_SURFACE('',#1476,1.6);
#1349=ADVANCED_FACE('',(#101),#1337,.T.);
#1350=ADVANCED_FACE('',(#102),#1338,.T.);
#1351=ADVANCED_FACE('',(#103),#1339,.F.);
#1352=ADVANCED_FACE('',(#104,#15),#39,.F.);
#1353=ADVANCED_FACE('',(#105,#16),#40,.T.);
#1354=ADVANCED_FACE('',(#106),#1340,.T.);
#1355=ADVANCED_FACE('',(#107),#1341,.T.);
#1356=ADVANCED_FACE('',(#108),#1342,.F.);
#1357=ADVANCED_FACE('',(#109,#17),#41,.F.);
#1358=ADVANCED_FACE('',(#110,#18),#42,.T.);
#1359=ADVANCED_FACE('',(#111),#1343,.T.);
#1360=ADVANCED_FACE('',(#112),#1344,.T.);
#1361=ADVANCED_FACE('',(#113),#1345,.F.);
#1362=ADVANCED_FACE('',(#114,#19),#43,.F.);
#1363=ADVANCED_FACE('',(#115,#20),#44,.T.);
#1364=ADVANCED_FACE('',(#116),#1346,.T.);
#1365=ADVANCED_FACE('',(#117),#1347,.T.);
#1366=ADVANCED_FACE('',(#118),#1348,.F.);
#1367=ADVANCED_FACE('',(#119,#21),#45,.F.);
#1368=ADVANCED_FACE('',(#120,#22),#46,.T.);
#1369=ADVANCED_FACE('',(#121),#47,.T.);
#1370=ADVANCED_FACE('',(#122),#48,.T.);
#1371=ADVANCED_FACE('',(#123),#49,.T.);
#1372=ADVANCED_FACE('',(#124),#50,.T.);
#1373=ADVANCED_FACE('',(#125,#23,#24,#25,#26,#27,#28,#29,#30),#51,.T.);
#1374=ADVANCED_FACE('',(#126),#52,.T.);
#1375=ADVANCED_FACE('',(#127),#53,.T.);
#1376=ADVANCED_FACE('',(#128),#54,.T.);
#1377=ADVANCED_FACE('',(#129),#55,.T.);
#1378=ADVANCED_FACE('',(#130),#56,.T.);
#1379=ADVANCED_FACE('',(#131),#57,.T.);
#1380=ADVANCED_FACE('',(#132),#58,.T.);
#1381=ADVANCED_FACE('',(#133),#59,.T.);
#1382=ADVANCED_FACE('',(#134),#60,.T.);
#1383=ADVANCED_FACE('',(#135),#61,.T.);
#1384=ADVANCED_FACE('',(#136),#62,.T.);
#1385=ADVANCED_FACE('',(#137),#63,.T.);
#1386=ADVANCED_FACE('',(#138),#64,.T.);
#1387=ADVANCED_FACE('',(#139),#65,.T.);
#1388=ADVANCED_FACE('',(#140),#66,.T.);
#1389=ADVANCED_FACE('',(#141),#67,.T.);
#1390=ADVANCED_FACE('',(#142),#68,.T.);
#1391=ADVANCED_FACE('',(#143),#69,.T.);
#1392=ADVANCED_FACE('',(#144),#70,.T.);
#1393=ADVANCED_FACE('',(#145),#71,.T.);
#1394=ADVANCED_FACE('',(#146),#72,.T.);
#1395=ADVANCED_FACE('',(#147),#73,.T.);
#1396=ADVANCED_FACE('',(#148),#74,.T.);
#1397=ADVANCED_FACE('',(#149),#75,.T.);
#1398=ADVANCED_FACE('',(#150),#76,.T.);
#1399=ADVANCED_FACE('',(#151),#77,.T.);
#1400=ADVANCED_FACE('',(#152),#78,.T.);
#1401=ADVANCED_FACE('',(#153),#79,.T.);
#1402=ADVANCED_FACE('',(#154),#80,.T.);
#1403=ADVANCED_FACE('',(#155),#81,.T.);
#1404=ADVANCED_FACE('',(#156),#82,.T.);
#1405=ADVANCED_FACE('',(#157),#83,.T.);
#1406=ADVANCED_FACE('',(#158),#84,.T.);
#1407=ADVANCED_FACE('',(#159),#85,.T.);
#1408=ADVANCED_FACE('',(#160),#86,.T.);
#1409=ADVANCED_FACE('',(#161),#87,.T.);
#1410=ADVANCED_FACE('',(#162),#88,.T.);
#1411=ADVANCED_FACE('',(#163),#89,.T.);
#1412=ADVANCED_FACE('',(#164),#90,.T.);
#1413=ADVANCED_FACE('',(#165),#91,.T.);
#1414=ADVANCED_FACE('',(#166),#92,.T.);
#1415=ADVANCED_FACE('',(#167),#93,.T.);
#1416=ADVANCED_FACE('',(#168),#94,.T.);
#1417=ADVANCED_FACE('',(#169),#95,.T.);
#1418=ADVANCED_FACE('',(#170),#96,.T.);
#1419=ADVANCED_FACE('',(#171),#97,.T.);
#1420=ADVANCED_FACE('',(#172),#98,.T.);
#1421=ADVANCED_FACE('',(#173),#99,.T.);
#1422=ADVANCED_FACE('',(#174,#31,#32,#33,#34,#35,#36,#37,#38),#100,.F.);
#1423=CLOSED_SHELL('',(#1349,#1350,#1351,#1352,#1353,#1354,#1355,#1356,
#1357,#1358,#1359,#1360,#1361,#1362,#1363,#1364,#1365,#1366,#1367,#1368,
#1369,#1370,#1371,#1372,#1373,#1374,#1375,#1376,#1377,#1378,#1379,#1380,
#1381,#1382,#1383,#1384,#1385,#1386,#1387,#1388,#1389,#1390,#1391,#1392,
#1393,#1394,#1395,#1396,#1397,#1398,#1399,#1400,#1401,#1402,#1403,#1404,
#1405,#1406,#1407,#1408,#1409,#1410,#1411,#1412,#1413,#1414,#1415,#1416,
#1417,#1418,#1419,#1420,#1421,#1422));
#1424=DERIVED_UNIT_ELEMENT(#1426,1.);
#1425=DERIVED_UNIT_ELEMENT(#2301,-3.);
#1426=(
MASS_UNIT()
NAMED_UNIT(*)
SI_UNIT(.KILO.,.GRAM.)
);
#1427=DERIVED_UNIT((#1424,#1425));
#1428=MEASURE_REPRESENTATION_ITEM('density measure',
POSITIVE_RATIO_MEASURE(7850.),#1427);
#1429=PROPERTY_DEFINITION_REPRESENTATION(#1434,#1431);
#1430=PROPERTY_DEFINITION_REPRESENTATION(#1435,#1432);
#1431=REPRESENTATION('material name',(#1433),#2298);
#1432=REPRESENTATION('density',(#1428),#2298);
#1433=DESCRIPTIVE_REPRESENTATION_ITEM('Steel','Steel');
#1434=PROPERTY_DEFINITION('material property','material name',#2308);
#1435=PROPERTY_DEFINITION('material property','density of part',#2308);
#1436=AXIS2_PLACEMENT_3D('',#1901,#1535,#1536);
#1437=AXIS2_PLACEMENT_3D('',#1902,#1537,#1538);
#1438=AXIS2_PLACEMENT_3D('',#1904,#1539,#1540);
#1439=AXIS2_PLACEMENT_3D('',#1907,#1542,#1543);
#1440=AXIS2_PLACEMENT_3D('',#1908,#1544,#1545);
#1441=AXIS2_PLACEMENT_3D('',#1910,#1546,#1547);
#1442=AXIS2_PLACEMENT_3D('',#1913,#1549,#1550);
#1443=AXIS2_PLACEMENT_3D('',#1914,#1551,#1552);
#1444=AXIS2_PLACEMENT_3D('',#1916,#1553,#1554);
#1445=AXIS2_PLACEMENT_3D('',#1919,#1556,#1557);
#1446=AXIS2_PLACEMENT_3D('',#1920,#1558,#1559);
#1447=AXIS2_PLACEMENT_3D('',#1921,#1560,#1561);
#1448=AXIS2_PLACEMENT_3D('',#1922,#1562,#1563);
#1449=AXIS2_PLACEMENT_3D('',#1924,#1564,#1565);
#1450=AXIS2_PLACEMENT_3D('',#1927,#1567,#1568);
#1451=AXIS2_PLACEMENT_3D('',#1928,#1569,#1570);
#1452=AXIS2_PLACEMENT_3D('',#1930,#1571,#1572);
#1453=AXIS2_PLACEMENT_3D('',#1933,#1574,#1575);
#1454=AXIS2_PLACEMENT_3D('',#1934,#1576,#1577);
#1455=AXIS2_PLACEMENT_3D('',#1936,#1578,#1579);
#1456=AXIS2_PLACEMENT_3D('',#1939,#1581,#1582);
#1457=AXIS2_PLACEMENT_3D('',#1940,#1583,#1584);
#1458=AXIS2_PLACEMENT_3D('',#1941,#1585,#1586);
#1459=AXIS2_PLACEMENT_3D('',#1942,#1587,#1588);
#1460=AXIS2_PLACEMENT_3D('',#1944,#1589,#1590);
#1461=AXIS2_PLACEMENT_3D('',#1947,#1592,#1593);
#1462=AXIS2_PLACEMENT_3D('',#1948,#1594,#1595);
#1463=AXIS2_PLACEMENT_3D('',#1950,#1596,#1597);
#1464=AXIS2_PLACEMENT_3D('',#1953,#1599,#1600);
#1465=AXIS2_PLACEMENT_3D('',#1954,#1601,#1602);
#1466=AXIS2_PLACEMENT_3D('',#1956,#1603,#1604);
#1467=AXIS2_PLACEMENT_3D('',#1959,#1606,#1607);
#1468=AXIS2_PLACEMENT_3D('',#1960,#1608,#1609);
#1469=AXIS2_PLACEMENT_3D('',#1961,#1610,#1611);
#1470=AXIS2_PLACEMENT_3D('',#1962,#1612,#1613);
#1471=AXIS2_PLACEMENT_3D('',#1964,#1614,#1615);
#1472=AXIS2_PLACEMENT_3D('',#1967,#1617,#1618);
#1473=AXIS2_PLACEMENT_3D('',#1968,#1619,#1620);
#1474=AXIS2_PLACEMENT_3D('',#1970,#1621,#1622);
#1475=AXIS2_PLACEMENT_3D('',#1973,#1624,#1625);
#1476=AXIS2_PLACEMENT_3D('',#1974,#1626,#1627);
#1477=AXIS2_PLACEMENT_3D('',#1976,#1628,#1629);
#1478=AXIS2_PLACEMENT_3D('',#1979,#1631,#1632);
#1479=AXIS2_PLACEMENT_3D('',#1980,#1633,#1634);
#1480=AXIS2_PLACEMENT_3D('',#1981,#1635,#1636);
#1481=AXIS2_PLACEMENT_3D('',#1982,#1637,#1638);
#1482=AXIS2_PLACEMENT_3D('',#1991,#1643,#1644);
#1483=AXIS2_PLACEMENT_3D('',#1997,#1648,#1649);
#1484=AXIS2_PLACEMENT_3D('',#2003,#1653,#1654);
#1485=AXIS2_PLACEMENT_3D('',#2006,#1657,#1658);
#1486=AXIS2_PLACEMENT_3D('',#2103,#1707,#1708);
#1487=AXIS2_PLACEMENT_3D('',#2109,#1712,#1713);
#1488=AXIS2_PLACEMENT_3D('',#2113,#1716,#1717);
#1489=AXIS2_PLACEMENT_3D('',#2117,#1720,#1721);
#1490=AXIS2_PLACEMENT_3D('',#2121,#1724,#1725);
#1491=AXIS2_PLACEMENT_3D('',#2125,#1728,#1729);
#1492=AXIS2_PLACEMENT_3D('',#2129,#1732,#1733);
#1493=AXIS2_PLACEMENT_3D('',#2133,#1736,#1737);
#1494=AXIS2_PLACEMENT_3D('',#2137,#1740,#1741);
#1495=AXIS2_PLACEMENT_3D('',#2141,#1744,#1745);
#1496=AXIS2_PLACEMENT_3D('',#2145,#1748,#1749);
#1497=AXIS2_PLACEMENT_3D('',#2149,#1752,#1753);
#1498=AXIS2_PLACEMENT_3D('',#2151,#1755,#1756);
#1499=AXIS2_PLACEMENT_3D('',#2157,#1760,#1761);
#1500=AXIS2_PLACEMENT_3D('',#2161,#1764,#1765);
#1501=AXIS2_PLACEMENT_3D('',#2165,#1768,#1769);
#1502=AXIS2_PLACEMENT_3D('',#2169,#1772,#1773);
#1503=AXIS2_PLACEMENT_3D('',#2173,#1776,#1777);
#1504=AXIS2_PLACEMENT_3D('',#2177,#1780,#1781);
#1505=AXIS2_PLACEMENT_3D('',#2181,#1784,#1785);
#1506=AXIS2_PLACEMENT_3D('',#2185,#1788,#1789);
#1507=AXIS2_PLACEMENT_3D('',#2189,#1792,#1793);
#1508=AXIS2_PLACEMENT_3D('',#2193,#1796,#1797);
#1509=AXIS2_PLACEMENT_3D('',#2197,#1800,#1801);
#1510=AXIS2_PLACEMENT_3D('',#2199,#1803,#1804);
#1511=AXIS2_PLACEMENT_3D('',#2205,#1808,#1809);
#1512=AXIS2_PLACEMENT_3D('',#2209,#1812,#1813);
#1513=AXIS2_PLACEMENT_3D('',#2213,#1816,#1817);
#1514=AXIS2_PLACEMENT_3D('',#2217,#1820,#1821);
#1515=AXIS2_PLACEMENT_3D('',#2221,#1824,#1825);
#1516=AXIS2_PLACEMENT_3D('',#2225,#1828,#1829);
#1517=AXIS2_PLACEMENT_3D('',#2229,#1832,#1833);
#1518=AXIS2_PLACEMENT_3D('',#2233,#1836,#1837);
#1519=AXIS2_PLACEMENT_3D('',#2237,#1840,#1841);
#1520=AXIS2_PLACEMENT_3D('',#2241,#1844,#1845);
#1521=AXIS2_PLACEMENT_3D('',#2245,#1848,#1849);
#1522=AXIS2_PLACEMENT_3D('',#2247,#1851,#1852);
#1523=AXIS2_PLACEMENT_3D('',#2253,#1856,#1857);
#1524=AXIS2_PLACEMENT_3D('',#2257,#1860,#1861);
#1525=AXIS2_PLACEMENT_3D('',#2261,#1864,#1865);
#1526=AXIS2_PLACEMENT_3D('',#2265,#1868,#1869);
#1527=AXIS2_PLACEMENT_3D('',#2269,#1872,#1873);
#1528=AXIS2_PLACEMENT_3D('',#2273,#1876,#1877);
#1529=AXIS2_PLACEMENT_3D('',#2277,#1880,#1881);
#1530=AXIS2_PLACEMENT_3D('',#2281,#1884,#1885);
#1531=AXIS2_PLACEMENT_3D('',#2285,#1888,#1889);
#1532=AXIS2_PLACEMENT_3D('',#2289,#1892,#1893);
#1533=AXIS2_PLACEMENT_3D('',#2293,#1896,#1897);
#1534=AXIS2_PLACEMENT_3D('',#2295,#1899,#1900);
#1535=DIRECTION('axis',(0.,0.,1.));
#1536=DIRECTION('refdir',(1.,0.,0.));
#1537=DIRECTION('center_axis',(0.,0.,1.));
#1538=DIRECTION('ref_axis',(-1.,0.,0.));
#1539=DIRECTION('center_axis',(0.,0.,1.));
#1540=DIRECTION('ref_axis',(-1.,0.,0.));
#1541=DIRECTION('',(0.,0.,-1.));
#1542=DIRECTION('center_axis',(0.,-2.49800180540657E-16,1.));
#1543=DIRECTION('ref_axis',(-1.,0.,0.));
#1544=DIRECTION('center_axis',(0.,0.,1.));
#1545=DIRECTION('ref_axis',(-1.,0.,0.));
#1546=DIRECTION('center_axis',(0.,-2.49800180540657E-16,1.));
#1547=DIRECTION('ref_axis',(-1.,0.,0.));
#1548=DIRECTION('',(0.,0.,-1.));
#1549=DIRECTION('center_axis',(0.,0.,-1.));
#1550=DIRECTION('ref_axis',(-1.,0.,0.));
#1551=DIRECTION('center_axis',(0.,0.,1.));
#1552=DIRECTION('ref_axis',(-1.,0.,0.));
#1553=DIRECTION('center_axis',(1.24603033459776E-17,-2.49800180540657E-16,
1.));
#1554=DIRECTION('ref_axis',(-1.,0.,0.));
#1555=DIRECTION('',(0.,0.,1.));
#1556=DIRECTION('center_axis',(-1.24603033459776E-17,2.49800180540657E-16,
-1.));
#1557=DIRECTION('ref_axis',(-1.,0.,0.));
#1558=DIRECTION('center_axis',(0.,2.49800180540657E-16,-1.));
#1559=DIRECTION('ref_axis',(-1.,0.,0.));
#1560=DIRECTION('center_axis',(0.,2.49800180540657E-16,-1.));
#1561=DIRECTION('ref_axis',(-1.,0.,0.));
#1562=DIRECTION('center_axis',(0.,0.,1.));
#1563=DIRECTION('ref_axis',(-1.,0.,0.));
#1564=DIRECTION('center_axis',(0.,0.,1.));
#1565=DIRECTION('ref_axis',(-1.,0.,0.));
#1566=DIRECTION('',(0.,0.,-1.));
#1567=DIRECTION('center_axis',(0.,-2.49800180540657E-16,1.));
#1568=DIRECTION('ref_axis',(-1.,0.,0.));
#1569=DIRECTION('center_axis',(0.,0.,1.));
#1570=DIRECTION('ref_axis',(-1.,0.,0.));
#1571=DIRECTION('center_axis',(0.,-2.49800180540657E-16,1.));
#1572=DIRECTION('ref_axis',(-1.,0.,0.));
#1573=DIRECTION('',(0.,0.,-1.));
#1574=DIRECTION('center_axis',(0.,0.,-1.));
#1575=DIRECTION('ref_axis',(-1.,0.,0.));
#1576=DIRECTION('center_axis',(0.,0.,1.));
#1577=DIRECTION('ref_axis',(-1.,0.,0.));
#1578=DIRECTION('center_axis',(1.24603033459776E-17,-2.49800180540657E-16,
1.));
#1579=DIRECTION('ref_axis',(-1.,0.,0.));
#1580=DIRECTION('',(0.,0.,1.));
#1581=DIRECTION('center_axis',(-1.24603033459776E-17,2.49800180540657E-16,
-1.));
#1582=DIRECTION('ref_axis',(-1.,0.,0.));
#1583=DIRECTION('center_axis',(0.,2.49800180540657E-16,-1.));
#1584=DIRECTION('ref_axis',(-1.,0.,0.));
#1585=DIRECTION('center_axis',(0.,2.49800180540657E-16,-1.));
#1586=DIRECTION('ref_axis',(-1.,0.,0.));
#1587=DIRECTION('center_axis',(0.,0.,1.));
#1588=DIRECTION('ref_axis',(-1.,0.,0.));
#1589=DIRECTION('center_axis',(0.,0.,1.));
#1590=DIRECTION('ref_axis',(-1.,0.,0.));
#1591=DIRECTION('',(0.,0.,-1.));
#1592=DIRECTION('center_axis',(0.,-2.49800180540657E-16,1.));
#1593=DIRECTION('ref_axis',(-1.,0.,0.));
#1594=DIRECTION('center_axis',(0.,0.,1.));
#1595=DIRECTION('ref_axis',(-1.,0.,0.));
#1596=DIRECTION('center_axis',(0.,-2.49800180540657E-16,1.));
#1597=DIRECTION('ref_axis',(-1.,0.,0.));
#1598=DIRECTION('',(0.,0.,-1.));
#1599=DIRECTION('center_axis',(0.,0.,-1.));
#1600=DIRECTION('ref_axis',(-1.,0.,0.));
#1601=DIRECTION('center_axis',(0.,0.,1.));
#1602=DIRECTION('ref_axis',(-1.,0.,0.));
#1603=DIRECTION('center_axis',(1.24603033459776E-17,-2.49800180540657E-16,
1.));
#1604=DIRECTION('ref_axis',(-1.,0.,0.));
#1605=DIRECTION('',(0.,0.,1.));
#1606=DIRECTION('center_axis',(-1.24603033459776E-17,2.49800180540657E-16,
-1.));
#1607=DIRECTION('ref_axis',(-1.,0.,0.));
#1608=DIRECTION('center_axis',(0.,2.49800180540657E-16,-1.));
#1609=DIRECTION('ref_axis',(-1.,0.,0.));
#1610=DIRECTION('center_axis',(0.,2.49800180540657E-16,-1.));
#1611=DIRECTION('ref_axis',(-1.,0.,0.));
#1612=DIRECTION('center_axis',(0.,0.,1.));
#1613=DIRECTION('ref_axis',(-1.,0.,0.));
#1614=DIRECTION('center_axis',(0.,0.,1.));
#1615=DIRECTION('ref_axis',(-1.,0.,0.));
#1616=DIRECTION('',(0.,0.,-1.));
#1617=DIRECTION('center_axis',(0.,-2.49800180540657E-16,1.));
#1618=DIRECTION('ref_axis',(-1.,0.,0.));
#1619=DIRECTION('center_axis',(0.,0.,1.));
#1620=DIRECTION('ref_axis',(-1.,0.,0.));
#1621=DIRECTION('center_axis',(0.,-2.49800180540657E-16,1.));
#1622=DIRECTION('ref_axis',(-1.,0.,0.));
#1623=DIRECTION('',(0.,0.,-1.));
#1624=DIRECTION('center_axis',(0.,0.,-1.));
#1625=DIRECTION('ref_axis',(-1.,0.,0.));
#1626=DIRECTION('center_axis',(0.,0.,1.));
#1627=DIRECTION('ref_axis',(-1.,0.,0.));
#1628=DIRECTION('center_axis',(1.24603033459776E-17,-2.49800180540657E-16,
1.));
#1629=DIRECTION('ref_axis',(-1.,0.,0.));
#1630=DIRECTION('',(0.,0.,1.));
#1631=DIRECTION('center_axis',(-1.24603033459776E-17,2.49800180540657E-16,
-1.));
#1632=DIRECTION('ref_axis',(-1.,0.,0.));
#1633=DIRECTION('center_axis',(0.,2.49800180540657E-16,-1.));
#1634=DIRECTION('ref_axis',(-1.,0.,0.));
#1635=DIRECTION('center_axis',(0.,2.49800180540657E-16,-1.));
#1636=DIRECTION('ref_axis',(-1.,0.,0.));
#1637=DIRECTION('center_axis',(0.707106781186544,0.,0.707106781186551));
#1638=DIRECTION('ref_axis',(0.707106781186551,0.,-0.707106781186544));
#1639=DIRECTION('',(0.,-1.,0.));
#1640=DIRECTION('',(0.577350269189629,-0.577350269189627,-0.577350269189622));
#1641=DIRECTION('',(0.,-1.,0.));
#1642=DIRECTION('',(0.577350269189628,0.577350269189626,-0.577350269189623));
#1643=DIRECTION('center_axis',(3.69433519690298E-17,-0.707106781186544,
0.707106781186551));
#1644=DIRECTION('ref_axis',(1.,0.,-5.22457893941246E-17));
#1645=DIRECTION('',(-1.,-5.2245789394125E-17,0.));
#1646=DIRECTION('',(-0.577350269189624,-0.577350269189629,-0.577350269189624));
#1647=DIRECTION('',(-1.,-5.2245789394125E-17,0.));
#1648=DIRECTION('center_axis',(-0.707106781186548,0.,0.707106781186548));
#1649=DIRECTION('ref_axis',(0.707106781186548,0.,0.707106781186548));
#1650=DIRECTION('',(0.,1.,0.));
#1651=DIRECTION('',(-0.577350269189625,0.577350269189628,-0.577350269189625));
#1652=DIRECTION('',(0.,1.,0.));
#1653=DIRECTION('center_axis',(0.,0.707106781186546,0.707106781186549));
#1654=DIRECTION('ref_axis',(1.,0.,0.));
#1655=DIRECTION('',(1.,0.,0.));
#1656=DIRECTION('',(1.,0.,0.));
#1657=DIRECTION('center_axis',(0.,0.,1.));
#1658=DIRECTION('ref_axis',(1.,0.,0.));
#1659=DIRECTION('',(2.1350442781253E-16,1.,0.));
#1660=DIRECTION('',(-1.,1.73472347597681E-15,0.));
#1661=DIRECTION('',(0.,1.,0.));
#1662=DIRECTION('',(1.,-3.29152659544317E-16,0.));
#1663=DIRECTION('',(0.,-1.,0.));
#1664=DIRECTION('',(-1.,1.73472347597681E-15,0.));
#1665=DIRECTION('',(0.,-1.,0.));
#1666=DIRECTION('',(1.,-5.55111512312578E-15,0.));
#1667=DIRECTION('',(0.,-1.,0.));
#1668=DIRECTION('',(-1.,5.69345140833413E-16,0.));
#1669=DIRECTION('',(0.,1.,0.));
#1670=DIRECTION('',(1.,0.,0.));
#1671=DIRECTION('',(2.1350442781253E-16,1.,0.));
#1672=DIRECTION('',(-1.,1.73472347597681E-15,0.));
#1673=DIRECTION('',(0.,1.,0.));
#1674=DIRECTION('',(1.,-3.29152659544317E-16,0.));
#1675=DIRECTION('',(-2.1350442781253E-16,-1.,0.));
#1676=DIRECTION('',(-1.,-1.04083408558608E-15,0.));
#1677=DIRECTION('',(-1.60128320859398E-16,-1.,0.));
#1678=DIRECTION('',(1.,0.,0.));
#1679=DIRECTION('',(-2.1350442781253E-16,-1.,0.));
#1680=DIRECTION('',(-1.,2.84672570416706E-16,0.));
#1681=DIRECTION('',(0.,1.,0.));
#1682=DIRECTION('',(1.,0.,0.));
#1683=DIRECTION('',(0.,1.,0.));
#1684=DIRECTION('',(-1.,1.73472347597681E-15,0.));
#1685=DIRECTION('',(0.,1.,0.));
#1686=DIRECTION('',(1.,-3.29152659544317E-16,0.));
#1687=DIRECTION('',(0.,-1.,0.));
#1688=DIRECTION('',(-1.,3.46944695195361E-16,0.));
#1689=DIRECTION('',(0.,-1.,0.));
#1690=DIRECTION('',(1.,0.,0.));
#1691=DIRECTION('',(0.,-1.,0.));
#1692=DIRECTION('',(-1.,4.2700885562506E-16,0.));
#1693=DIRECTION('',(0.,1.,0.));
#1694=DIRECTION('',(1.,0.,0.));
#1695=DIRECTION('',(2.1350442781253E-16,1.,0.));
#1696=DIRECTION('',(-1.,1.7347234759768E-15,0.));
#1697=DIRECTION('',(5.87137176484458E-16,1.,0.));
#1698=DIRECTION('',(1.,-3.29152659544317E-16,0.));
#1699=DIRECTION('',(0.,-1.,0.));
#1700=DIRECTION('',(-1.,3.4694469519536E-16,0.));
#1701=DIRECTION('',(-2.1350442781253E-16,-1.,0.));
#1702=DIRECTION('',(1.,-2.77555756156289E-15,0.));
#1703=DIRECTION('',(0.,-1.,0.));
#1704=DIRECTION('',(-1.,2.84672570416706E-16,0.));
#1705=DIRECTION('',(1.60128320859398E-16,1.,0.));
#1706=DIRECTION('',(1.,0.,0.));
#1707=DIRECTION('center_axis',(0.,-1.,0.));
#1708=DIRECTION('ref_axis',(1.,0.,0.));
#1709=DIRECTION('',(1.,0.,0.));
#1710=DIRECTION('',(0.,0.,1.));
#1711=DIRECTION('',(0.,0.,1.));
#1712=DIRECTION('center_axis',(1.,0.,0.));
#1713=DIRECTION('ref_axis',(0.,1.,0.));
#1714=DIRECTION('',(0.,1.,0.));
#1715=DIRECTION('',(0.,0.,1.));
#1716=DIRECTION('center_axis',(5.69345140833413E-16,1.,0.));
#1717=DIRECTION('ref_axis',(-1.,5.69345140833413E-16,0.));
#1718=DIRECTION('',(-1.,5.69345140833413E-16,0.));
#1719=DIRECTION('',(0.,0.,1.));
#1720=DIRECTION('center_axis',(-1.,0.,0.));
#1721=DIRECTION('ref_axis',(0.,-1.,0.));
#1722=DIRECTION('',(0.,-1.,0.));
#1723=DIRECTION('',(0.,0.,1.));
#1724=DIRECTION('center_axis',(-5.55111512312578E-15,-1.,0.));
#1725=DIRECTION('ref_axis',(1.,-5.55111512312578E-15,0.));
#1726=DIRECTION('',(1.,-5.55111512312578E-15,0.));
#1727=DIRECTION('',(0.,0.,1.));
#1728=DIRECTION('center_axis',(-1.,0.,0.));
#1729=DIRECTION('ref_axis',(0.,-1.,0.));
#1730=DIRECTION('',(0.,-1.,0.));
#1731=DIRECTION('',(0.,0.,1.));
#1732=DIRECTION('center_axis',(1.73472347597681E-15,1.,0.));
#1733=DIRECTION('ref_axis',(-1.,1.73472347597681E-15,0.));
#1734=DIRECTION('',(-1.,1.73472347597681E-15,0.));
#1735=DIRECTION('',(0.,0.,1.));
#1736=DIRECTION('center_axis',(-1.,0.,0.));
#1737=DIRECTION('ref_axis',(0.,-1.,0.));
#1738=DIRECTION('',(0.,-1.,0.));
#1739=DIRECTION('',(0.,0.,1.));
#1740=DIRECTION('center_axis',(-3.29152659544317E-16,-1.,0.));
#1741=DIRECTION('ref_axis',(1.,-3.29152659544317E-16,0.));
#1742=DIRECTION('',(1.,-3.29152659544317E-16,0.));
#1743=DIRECTION('',(0.,0.,1.));
#1744=DIRECTION('center_axis',(1.,0.,0.));
#1745=DIRECTION('ref_axis',(0.,1.,0.));
#1746=DIRECTION('',(0.,1.,0.));
#1747=DIRECTION('',(0.,0.,1.));
#1748=DIRECTION('center_axis',(1.73472347597681E-15,1.,0.));
#1749=DIRECTION('ref_axis',(-1.,1.73472347597681E-15,0.));
#1750=DIRECTION('',(-1.,1.73472347597681E-15,0.));
#1751=DIRECTION('',(0.,0.,1.));
#1752=DIRECTION('center_axis',(1.,-2.1350442781253E-16,0.));
#1753=DIRECTION('ref_axis',(2.1350442781253E-16,1.,0.));
#1754=DIRECTION('',(2.1350442781253E-16,1.,0.));
#1755=DIRECTION('center_axis',(0.,-1.,0.));
#1756=DIRECTION('ref_axis',(1.,0.,0.));
#1757=DIRECTION('',(1.,0.,0.));
#1758=DIRECTION('',(0.,0.,1.));
#1759=DIRECTION('',(0.,0.,1.));
#1760=DIRECTION('center_axis',(1.,0.,0.));
#1761=DIRECTION('ref_axis',(0.,1.,0.));
#1762=DIRECTION('',(0.,1.,0.));
#1763=DIRECTION('',(0.,0.,1.));
#1764=DIRECTION('center_axis',(2.84672570416706E-16,1.,0.));
#1765=DIRECTION('ref_axis',(-1.,2.84672570416706E-16,0.));
#1766=DIRECTION('',(-1.,2.84672570416706E-16,0.));
#1767=DIRECTION('',(0.,0.,1.));
#1768=DIRECTION('center_axis',(-1.,2.1350442781253E-16,0.));
#1769=DIRECTION('ref_axis',(-2.1350442781253E-16,-1.,0.));
#1770=DIRECTION('',(-2.1350442781253E-16,-1.,0.));
#1771=DIRECTION('',(0.,0.,1.));
#1772=DIRECTION('center_axis',(0.,-1.,0.));
#1773=DIRECTION('ref_axis',(1.,0.,0.));
#1774=DIRECTION('',(1.,0.,0.));
#1775=DIRECTION('',(0.,0.,1.));
#1776=DIRECTION('center_axis',(-1.,1.60128320859398E-16,0.));
#1777=DIRECTION('ref_axis',(-1.60128320859398E-16,-1.,0.));
#1778=DIRECTION('',(-1.60128320859398E-16,-1.,0.));
#1779=DIRECTION('',(0.,0.,1.));
#1780=DIRECTION('center_axis',(-1.04083408558608E-15,1.,0.));
#1781=DIRECTION('ref_axis',(-1.,-1.04083408558608E-15,0.));
#1782=DIRECTION('',(-1.,-1.04083408558608E-15,0.));
#1783=DIRECTION('',(0.,0.,1.));
#1784=DIRECTION('center_axis',(-1.,2.1350442781253E-16,0.));
#1785=DIRECTION('ref_axis',(-2.1350442781253E-16,-1.,0.));
#1786=DIRECTION('',(-2.1350442781253E-16,-1.,0.));
#1787=DIRECTION('',(0.,0.,1.));
#1788=DIRECTION('center_axis',(-3.29152659544317E-16,-1.,0.));
#1789=DIRECTION('ref_axis',(1.,-3.29152659544317E-16,0.));
#1790=DIRECTION('',(1.,-3.29152659544317E-16,0.));
#1791=DIRECTION('',(0.,0.,1.));
#1792=DIRECTION('center_axis',(1.,0.,0.));
#1793=DIRECTION('ref_axis',(0.,1.,0.));
#1794=DIRECTION('',(0.,1.,0.));
#1795=DIRECTION('',(0.,0.,1.));
#1796=DIRECTION('center_axis',(1.73472347597681E-15,1.,0.));
#1797=DIRECTION('ref_axis',(-1.,1.73472347597681E-15,0.));
#1798=DIRECTION('',(-1.,1.73472347597681E-15,0.));
#1799=DIRECTION('',(0.,0.,1.));
#1800=DIRECTION('center_axis',(1.,-2.1350442781253E-16,0.));
#1801=DIRECTION('ref_axis',(2.1350442781253E-16,1.,0.));
#1802=DIRECTION('',(2.1350442781253E-16,1.,0.));
#1803=DIRECTION('center_axis',(0.,-1.,0.));
#1804=DIRECTION('ref_axis',(1.,0.,0.));
#1805=DIRECTION('',(1.,0.,0.));
#1806=DIRECTION('',(0.,0.,1.));
#1807=DIRECTION('',(0.,0.,1.));
#1808=DIRECTION('center_axis',(1.,0.,0.));
#1809=DIRECTION('ref_axis',(0.,1.,0.));
#1810=DIRECTION('',(0.,1.,0.));
#1811=DIRECTION('',(0.,0.,1.));
#1812=DIRECTION('center_axis',(4.2700885562506E-16,1.,0.));
#1813=DIRECTION('ref_axis',(-1.,4.2700885562506E-16,0.));
#1814=DIRECTION('',(-1.,4.2700885562506E-16,0.));
#1815=DIRECTION('',(0.,0.,1.));
#1816=DIRECTION('center_axis',(-1.,0.,0.));
#1817=DIRECTION('ref_axis',(0.,-1.,0.));
#1818=DIRECTION('',(0.,-1.,0.));
#1819=DIRECTION('',(0.,0.,1.));
#1820=DIRECTION('center_axis',(0.,-1.,0.));
#1821=DIRECTION('ref_axis',(1.,0.,0.));
#1822=DIRECTION('',(1.,0.,0.));
#1823=DIRECTION('',(0.,0.,1.));
#1824=DIRECTION('center_axis',(-1.,0.,0.));
#1825=DIRECTION('ref_axis',(0.,-1.,0.));
#1826=DIRECTION('',(0.,-1.,0.));
#1827=DIRECTION('',(0.,0.,1.));
#1828=DIRECTION('center_axis',(3.46944695195361E-16,1.,0.));
#1829=DIRECTION('ref_axis',(-1.,3.46944695195361E-16,0.));
#1830=DIRECTION('',(-1.,3.46944695195361E-16,0.));
#1831=DIRECTION('',(0.,0.,1.));
#1832=DIRECTION('center_axis',(-1.,0.,0.));
#1833=DIRECTION('ref_axis',(0.,-1.,0.));
#1834=DIRECTION('',(0.,-1.,0.));
#1835=DIRECTION('',(0.,0.,1.));
#1836=DIRECTION('center_axis',(-3.29152659544317E-16,-1.,0.));
#1837=DIRECTION('ref_axis',(1.,-3.29152659544317E-16,0.));
#1838=DIRECTION('',(1.,-3.29152659544317E-16,0.));
#1839=DIRECTION('',(0.,0.,1.));
#1840=DIRECTION('center_axis',(1.,0.,0.));
#1841=DIRECTION('ref_axis',(0.,1.,0.));
#1842=DIRECTION('',(0.,1.,0.));
#1843=DIRECTION('',(0.,0.,1.));
#1844=DIRECTION('center_axis',(1.73472347597681E-15,1.,0.));
#1845=DIRECTION('ref_axis',(-1.,1.73472347597681E-15,0.));
#1846=DIRECTION('',(-1.,1.73472347597681E-15,0.));
#1847=DIRECTION('',(0.,0.,1.));
#1848=DIRECTION('center_axis',(1.,0.,0.));
#1849=DIRECTION('ref_axis',(0.,1.,0.));
#1850=DIRECTION('',(0.,1.,0.));
#1851=DIRECTION('center_axis',(0.,-1.,0.));
#1852=DIRECTION('ref_axis',(1.,0.,0.));
#1853=DIRECTION('',(1.,0.,0.));
#1854=DIRECTION('',(0.,0.,1.));
#1855=DIRECTION('',(0.,0.,1.));
#1856=DIRECTION('center_axis',(1.,-1.60128320859398E-16,0.));
#1857=DIRECTION('ref_axis',(1.60128320859398E-16,1.,0.));
#1858=DIRECTION('',(1.60128320859398E-16,1.,0.));
#1859=DIRECTION('',(0.,0.,1.));
#1860=DIRECTION('center_axis',(2.84672570416706E-16,1.,0.));
#1861=DIRECTION('ref_axis',(-1.,2.84672570416706E-16,0.));
#1862=DIRECTION('',(-1.,2.84672570416706E-16,0.));
#1863=DIRECTION('',(0.,0.,1.));
#1864=DIRECTION('center_axis',(-1.,0.,0.));
#1865=DIRECTION('ref_axis',(0.,-1.,0.));
#1866=DIRECTION('',(0.,-1.,0.));
#1867=DIRECTION('',(0.,0.,1.));
#1868=DIRECTION('center_axis',(-2.77555756156289E-15,-1.,0.));
#1869=DIRECTION('ref_axis',(1.,-2.77555756156289E-15,0.));
#1870=DIRECTION('',(1.,-2.77555756156289E-15,0.));
#1871=DIRECTION('',(0.,0.,1.));
#1872=DIRECTION('center_axis',(-1.,2.1350442781253E-16,0.));
#1873=DIRECTION('ref_axis',(-2.1350442781253E-16,-1.,0.));
#1874=DIRECTION('',(-2.1350442781253E-16,-1.,0.));
#1875=DIRECTION('',(0.,0.,1.));
#1876=DIRECTION('center_axis',(3.4694469519536E-16,1.,0.));
#1877=DIRECTION('ref_axis',(-1.,3.4694469519536E-16,0.));
#1878=DIRECTION('',(-1.,3.4694469519536E-16,0.));
#1879=DIRECTION('',(0.,0.,1.));
#1880=DIRECTION('center_axis',(-1.,0.,0.));
#1881=DIRECTION('ref_axis',(0.,-1.,0.));
#1882=DIRECTION('',(0.,-1.,0.));
#1883=DIRECTION('',(0.,0.,1.));
#1884=DIRECTION('center_axis',(-3.29152659544317E-16,-1.,0.));
#1885=DIRECTION('ref_axis',(1.,-3.29152659544317E-16,0.));
#1886=DIRECTION('',(1.,-3.29152659544317E-16,0.));
#1887=DIRECTION('',(0.,0.,1.));
#1888=DIRECTION('center_axis',(1.,-5.87137176484458E-16,0.));
#1889=DIRECTION('ref_axis',(5.87137176484458E-16,1.,0.));
#1890=DIRECTION('',(5.87137176484458E-16,1.,0.));
#1891=DIRECTION('',(0.,0.,1.));
#1892=DIRECTION('center_axis',(1.7347234759768E-15,1.,0.));
#1893=DIRECTION('ref_axis',(-1.,1.7347234759768E-15,0.));
#1894=DIRECTION('',(-1.,1.7347234759768E-15,0.));
#1895=DIRECTION('',(0.,0.,1.));
#1896=DIRECTION('center_axis',(1.,-2.1350442781253E-16,0.));
#1897=DIRECTION('ref_axis',(2.1350442781253E-16,1.,0.));
#1898=DIRECTION('',(2.1350442781253E-16,1.,0.));
#1899=DIRECTION('center_axis',(0.,0.,1.));
#1900=DIRECTION('ref_axis',(-1.,0.,0.));
#1901=CARTESIAN_POINT('',(0.,0.,0.));
#1902=CARTESIAN_POINT('Origin',(34.9999999999999,24.8517981112497,36.3857135991655));
#1903=CARTESIAN_POINT('',(37.5999999999999,24.8517981112497,41.3857135991655));
#1904=CARTESIAN_POINT('Origin',(34.9999999999999,24.8517981112497,41.3857135991655));
#1905=CARTESIAN_POINT('',(37.5999999999999,24.8517981112497,36.3857135991655));
#1906=CARTESIAN_POINT('',(37.5999999999999,24.8517981112497,36.3857135991655));
#1907=CARTESIAN_POINT('Origin',(34.9999999999999,24.8517981112497,36.3857135991655));
#1908=CARTESIAN_POINT('Origin',(34.9999999999999,24.8517981112497,36.3857135991655));
#1909=CARTESIAN_POINT('',(37.5999999999999,24.8517981112497,42.4857135991655));
#1910=CARTESIAN_POINT('Origin',(34.9999999999999,24.8517981112497,42.4857135991655));
#1911=CARTESIAN_POINT('',(37.5999999999999,24.8517981112497,42.3857135991655));
#1912=CARTESIAN_POINT('',(37.5999999999999,24.8517981112497,36.3857135991655));
#1913=CARTESIAN_POINT('Origin',(34.9999999999999,24.8517981112497,42.3857135991655));
#1914=CARTESIAN_POINT('Origin',(34.9999999999999,24.8517981112497,36.3857135991655));
#1915=CARTESIAN_POINT('',(36.5999999999999,24.8517981112497,36.3857135991655));
#1916=CARTESIAN_POINT('Origin',(34.9999999999999,24.8517981112497,36.3857135991655));
#1917=CARTESIAN_POINT('',(36.5999999999999,24.8517981112497,42.4857135991655));
#1918=CARTESIAN_POINT('',(36.5999999999999,24.8517981112497,36.3857135991655));
#1919=CARTESIAN_POINT('Origin',(34.9999999999999,24.8517981112497,42.4857135991655));
#1920=CARTESIAN_POINT('Origin',(34.9999999999999,24.8517981112497,42.4857135991655));
#1921=CARTESIAN_POINT('Origin',(34.9999999999999,24.8517981112497,36.3857135991655));
#1922=CARTESIAN_POINT('Origin',(34.9999999999999,-20.1482018887503,36.3857135991655));
#1923=CARTESIAN_POINT('',(37.5999999999999,-20.1482018887503,41.3857135991655));
#1924=CARTESIAN_POINT('Origin',(34.9999999999999,-20.1482018887503,41.3857135991655));
#1925=CARTESIAN_POINT('',(37.5999999999999,-20.1482018887503,36.3857135991655));
#1926=CARTESIAN_POINT('',(37.5999999999999,-20.1482018887503,36.3857135991655));
#1927=CARTESIAN_POINT('Origin',(34.9999999999999,-20.1482018887503,36.3857135991655));
#1928=CARTESIAN_POINT('Origin',(34.9999999999999,-20.1482018887503,36.3857135991655));
#1929=CARTESIAN_POINT('',(37.5999999999999,-20.1482018887503,42.4857135991655));
#1930=CARTESIAN_POINT('Origin',(34.9999999999999,-20.1482018887503,42.4857135991655));
#1931=CARTESIAN_POINT('',(37.5999999999999,-20.1482018887503,42.3857135991655));
#1932=CARTESIAN_POINT('',(37.5999999999999,-20.1482018887503,36.3857135991655));
#1933=CARTESIAN_POINT('Origin',(34.9999999999999,-20.1482018887503,42.3857135991655));
#1934=CARTESIAN_POINT('Origin',(34.9999999999999,-20.1482018887503,36.3857135991655));
#1935=CARTESIAN_POINT('',(36.5999999999999,-20.1482018887503,36.3857135991655));
#1936=CARTESIAN_POINT('Origin',(34.9999999999999,-20.1482018887503,36.3857135991655));
#1937=CARTESIAN_POINT('',(36.5999999999999,-20.1482018887503,42.4857135991655));
#1938=CARTESIAN_POINT('',(36.5999999999999,-20.1482018887503,36.3857135991655));
#1939=CARTESIAN_POINT('Origin',(34.9999999999999,-20.1482018887503,42.4857135991655));
#1940=CARTESIAN_POINT('Origin',(34.9999999999999,-20.1482018887503,42.4857135991655));
#1941=CARTESIAN_POINT('Origin',(34.9999999999999,-20.1482018887503,36.3857135991655));
#1942=CARTESIAN_POINT('Origin',(-39.0000000000003,-20.1482018887503,36.3857135991655));
#1943=CARTESIAN_POINT('',(-36.4000000000002,-20.1482018887503,41.3857135991655));
#1944=CARTESIAN_POINT('Origin',(-39.0000000000003,-20.1482018887503,41.3857135991655));
#1945=CARTESIAN_POINT('',(-36.4000000000002,-20.1482018887503,36.3857135991655));
#1946=CARTESIAN_POINT('',(-36.4000000000002,-20.1482018887503,36.3857135991655));
#1947=CARTESIAN_POINT('Origin',(-39.0000000000003,-20.1482018887503,36.3857135991655));
#1948=CARTESIAN_POINT('Origin',(-39.0000000000003,-20.1482018887503,36.3857135991655));
#1949=CARTESIAN_POINT('',(-36.4000000000002,-20.1482018887503,42.4857135991655));
#1950=CARTESIAN_POINT('Origin',(-39.0000000000003,-20.1482018887503,42.4857135991655));
#1951=CARTESIAN_POINT('',(-36.4000000000002,-20.1482018887503,42.3857135991655));
#1952=CARTESIAN_POINT('',(-36.4000000000002,-20.1482018887503,36.3857135991655));
#1953=CARTESIAN_POINT('Origin',(-39.0000000000003,-20.1482018887503,42.3857135991655));
#1954=CARTESIAN_POINT('Origin',(-39.0000000000003,-20.1482018887503,36.3857135991655));
#1955=CARTESIAN_POINT('',(-37.4000000000002,-20.1482018887503,36.3857135991655));
#1956=CARTESIAN_POINT('Origin',(-39.0000000000003,-20.1482018887503,36.3857135991655));
#1957=CARTESIAN_POINT('',(-37.4000000000002,-20.1482018887503,42.4857135991655));
#1958=CARTESIAN_POINT('',(-37.4000000000002,-20.1482018887503,36.3857135991655));
#1959=CARTESIAN_POINT('Origin',(-39.0000000000003,-20.1482018887503,42.4857135991655));
#1960=CARTESIAN_POINT('Origin',(-39.0000000000002,-20.1482018887503,42.4857135991655));
#1961=CARTESIAN_POINT('Origin',(-39.0000000000002,-20.1482018887503,36.3857135991655));
#1962=CARTESIAN_POINT('Origin',(-39.0000000000002,24.8517981112497,36.3857135991655));
#1963=CARTESIAN_POINT('',(-36.4000000000002,24.8517981112497,41.3857135991655));
#1964=CARTESIAN_POINT('Origin',(-39.0000000000002,24.8517981112497,41.3857135991655));
#1965=CARTESIAN_POINT('',(-36.4000000000002,24.8517981112497,36.3857135991655));
#1966=CARTESIAN_POINT('',(-36.4000000000002,24.8517981112497,36.3857135991655));
#1967=CARTESIAN_POINT('Origin',(-39.0000000000002,24.8517981112497,36.3857135991655));
#1968=CARTESIAN_POINT('Origin',(-39.0000000000002,24.8517981112497,36.3857135991655));
#1969=CARTESIAN_POINT('',(-36.4000000000002,24.8517981112497,42.4857135991655));
#1970=CARTESIAN_POINT('Origin',(-39.0000000000002,24.8517981112497,42.4857135991655));
#1971=CARTESIAN_POINT('',(-36.4000000000002,24.8517981112497,42.3857135991655));
#1972=CARTESIAN_POINT('',(-36.4000000000002,24.8517981112497,36.3857135991655));
#1973=CARTESIAN_POINT('Origin',(-39.0000000000002,24.8517981112497,42.3857135991655));
#1974=CARTESIAN_POINT('Origin',(-39.0000000000002,24.8517981112497,36.3857135991655));
#1975=CARTESIAN_POINT('',(-37.4000000000002,24.8517981112497,36.3857135991655));
#1976=CARTESIAN_POINT('Origin',(-39.0000000000002,24.8517981112497,36.3857135991655));
#1977=CARTESIAN_POINT('',(-37.4000000000002,24.8517981112497,42.4857135991655));
#1978=CARTESIAN_POINT('',(-37.4000000000002,24.8517981112497,36.3857135991655));
#1979=CARTESIAN_POINT('Origin',(-39.0000000000002,24.8517981112497,42.4857135991655));
#1980=CARTESIAN_POINT('Origin',(-39.0000000000002,24.8517981112497,42.4857135991655));
#1981=CARTESIAN_POINT('Origin',(-39.0000000000002,24.8517981112497,36.3857135991655));
#1982=CARTESIAN_POINT('Origin',(39.4999999999953,-16.6482018887503,41.8857135991655));
#1983=CARTESIAN_POINT('',(38.9999999999953,28.8517981112497,42.3857135991655));
#1984=CARTESIAN_POINT('',(38.9999999999953,-31.1482018887503,42.3857135991655));
#1985=CARTESIAN_POINT('',(38.9999999999953,-16.6482018887503,42.3857135991655));
#1986=CARTESIAN_POINT('',(39.9999999999953,-32.1482018887503,41.3857135991655));
#1987=CARTESIAN_POINT('',(38.9999999999953,-31.1482018887503,42.3857135991655));
#1988=CARTESIAN_POINT('',(39.9999999999953,29.8517981112497,41.3857135991655));
#1989=CARTESIAN_POINT('',(39.9999999999953,30.8517981112497,41.3857135991655));
#1990=CARTESIAN_POINT('',(38.9999999999953,28.8517981112497,42.3857135991655));
#1991=CARTESIAN_POINT('Origin',(-23.0000000000047,-31.6482018887503,41.8857135991655));
#1992=CARTESIAN_POINT('',(-43.0000000000047,-31.1482018887503,42.3857135991655));
#1993=CARTESIAN_POINT('',(-23.0000000000047,-31.1482018887503,42.3857135991655));
#1994=CARTESIAN_POINT('',(-44.0000000000047,-32.1482018887503,41.3857135991655));
#1995=CARTESIAN_POINT('',(-43.0000000000047,-31.1482018887503,42.3857135991655));
#1996=CARTESIAN_POINT('',(39.9999999999953,-32.1482018887503,41.3857135991655));
#1997=CARTESIAN_POINT('Origin',(-43.5000000000047,14.3517981112497,41.8857135991655));
#1998=CARTESIAN_POINT('',(-43.0000000000047,28.8517981112497,42.3857135991655));
#1999=CARTESIAN_POINT('',(-43.0000000000047,14.3517981112497,42.3857135991655));
#2000=CARTESIAN_POINT('',(-44.0000000000047,29.8517981112497,41.3857135991655));
#2001=CARTESIAN_POINT('',(-43.0000000000047,28.8517981112497,42.3857135991655));
#2002=CARTESIAN_POINT('',(-44.0000000000047,-32.1482018887503,41.3857135991655));
#2003=CARTESIAN_POINT('Origin',(18.9999999999953,29.3517981112497,41.8857135991655));
#2004=CARTESIAN_POINT('',(-44.0000000000047,29.8517981112497,41.3857135991655));
#2005=CARTESIAN_POINT('',(18.9999999999953,28.8517981112497,42.3857135991655));
#2006=CARTESIAN_POINT('Origin',(-2.00000000000467,-1.14820188875033,42.3857135991655));
#2007=CARTESIAN_POINT('',(19.4199999999998,-12.3497018887503,42.3857135991655));
#2008=CARTESIAN_POINT('',(19.4199999999998,-1.94970188875026,42.3857135991655));
#2009=CARTESIAN_POINT('',(19.4199999999998,-1.94970188875026,42.3857135991655));
#2010=CARTESIAN_POINT('',(18.6199999999998,-1.94970188875026,42.3857135991655));
#2011=CARTESIAN_POINT('',(18.6199999999998,-1.94970188875026,42.3857135991655));
#2012=CARTESIAN_POINT('',(18.6199999999998,0.650298111249739,42.3857135991655));
#2013=CARTESIAN_POINT('',(18.6199999999998,0.650298111249739,42.3857135991655));
#2014=CARTESIAN_POINT('',(34.2199999999998,0.650298111249734,42.3857135991655));
#2015=CARTESIAN_POINT('',(34.2199999999998,0.650298111249734,42.3857135991655));
#2016=CARTESIAN_POINT('',(34.2199999999998,-1.94970188875027,42.3857135991655));
#2017=CARTESIAN_POINT('',(34.2199999999998,-1.94970188875027,42.3857135991655));
#2018=CARTESIAN_POINT('',(33.4199999999998,-1.94970188875026,42.3857135991655));
#2019=CARTESIAN_POINT('',(33.4199999999998,-1.94970188875026,42.3857135991655));
#2020=CARTESIAN_POINT('',(33.4199999999998,-12.3497018887503,42.3857135991655));
#2021=CARTESIAN_POINT('',(33.4199999999998,-12.3497018887503,42.3857135991655));
#2022=CARTESIAN_POINT('',(34.2199999999998,-12.3497018887503,42.3857135991655));
#2023=CARTESIAN_POINT('',(34.2199999999998,-12.3497018887503,42.3857135991655));
#2024=CARTESIAN_POINT('',(34.2199999999998,-14.9497018887503,42.3857135991655));
#2025=CARTESIAN_POINT('',(34.2199999999998,-14.9497018887503,42.3857135991655));
#2026=CARTESIAN_POINT('',(18.6199999999998,-14.9497018887503,42.3857135991655));
#2027=CARTESIAN_POINT('',(18.6199999999998,-14.9497018887503,42.3857135991655));
#2028=CARTESIAN_POINT('',(18.6199999999998,-12.3497018887503,42.3857135991655));
#2029=CARTESIAN_POINT('',(18.6199999999998,-12.3497018887503,42.3857135991655));
#2030=CARTESIAN_POINT('',(19.4199999999998,-12.3497018887503,42.3857135991655));
#2031=CARTESIAN_POINT('',(-18.3000000000002,-11.9497018887503,42.3857135991655));
#2032=CARTESIAN_POINT('',(-18.3000000000002,-1.54970188875026,42.3857135991655));
#2033=CARTESIAN_POINT('',(-18.3000000000002,-1.54970188875026,42.3857135991655));
#2034=CARTESIAN_POINT('',(-19.1000000000002,-1.54970188875026,42.3857135991655));
#2035=CARTESIAN_POINT('',(-19.1000000000002,-1.54970188875026,42.3857135991655));
#2036=CARTESIAN_POINT('',(-19.1000000000002,1.05029811124974,42.3857135991655));
#2037=CARTESIAN_POINT('',(-19.1000000000002,1.05029811124974,42.3857135991655));
#2038=CARTESIAN_POINT('',(-3.5000000000002,1.05029811124973,42.3857135991655));
#2039=CARTESIAN_POINT('',(-3.5000000000002,1.05029811124973,42.3857135991655));
#2040=CARTESIAN_POINT('',(-3.5000000000002,-1.54970188875027,42.3857135991655));
#2041=CARTESIAN_POINT('',(-3.5000000000002,-1.54970188875027,42.3857135991655));
#2042=CARTESIAN_POINT('',(-4.3000000000002,-1.54970188875027,42.3857135991655));
#2043=CARTESIAN_POINT('',(-4.3000000000002,-1.54970188875027,42.3857135991655));
#2044=CARTESIAN_POINT('',(-4.30000000000021,-11.9497018887503,42.3857135991655));
#2045=CARTESIAN_POINT('',(-4.30000000000021,-11.9497018887503,42.3857135991655));
#2046=CARTESIAN_POINT('',(-3.5000000000002,-11.9497018887503,42.3857135991655));
#2047=CARTESIAN_POINT('',(-3.5000000000002,-11.9497018887503,42.3857135991655));
#2048=CARTESIAN_POINT('',(-3.50000000000021,-14.5497018887503,42.3857135991655));
#2049=CARTESIAN_POINT('',(-3.50000000000021,-14.5497018887503,42.3857135991655));
#2050=CARTESIAN_POINT('',(-19.1000000000002,-14.5497018887503,42.3857135991655));
#2051=CARTESIAN_POINT('',(-19.1000000000002,-14.5497018887503,42.3857135991655));
#2052=CARTESIAN_POINT('',(-19.1000000000002,-11.9497018887503,42.3857135991655));
#2053=CARTESIAN_POINT('',(-19.1000000000002,-11.9497018887503,42.3857135991655));
#2054=CARTESIAN_POINT('',(-18.3000000000002,-11.9497018887503,42.3857135991655));
#2055=CARTESIAN_POINT('',(-37.3800000000002,-11.9497018887503,42.3857135991655));
#2056=CARTESIAN_POINT('',(-37.3800000000002,-1.54970188875025,42.3857135991655));
#2057=CARTESIAN_POINT('',(-37.3800000000002,-1.54970188875025,42.3857135991655));
#2058=CARTESIAN_POINT('',(-38.1800000000002,-1.54970188875025,42.3857135991655));
#2059=CARTESIAN_POINT('',(-38.1800000000002,-1.54970188875025,42.3857135991655));
#2060=CARTESIAN_POINT('',(-38.1800000000002,1.05029811124975,42.3857135991655));
#2061=CARTESIAN_POINT('',(-38.1800000000002,1.05029811124975,42.3857135991655));
#2062=CARTESIAN_POINT('',(-22.5800000000002,1.05029811124974,42.3857135991655));
#2063=CARTESIAN_POINT('',(-22.5800000000002,1.05029811124974,42.3857135991655));
#2064=CARTESIAN_POINT('',(-22.5800000000002,-1.54970188875026,42.3857135991655));
#2065=CARTESIAN_POINT('',(-22.5800000000002,-1.54970188875026,42.3857135991655));
#2066=CARTESIAN_POINT('',(-23.3800000000002,-1.54970188875026,42.3857135991655));
#2067=CARTESIAN_POINT('',(-23.3800000000002,-1.54970188875026,42.3857135991655));
#2068=CARTESIAN_POINT('',(-23.3800000000002,-11.9497018887503,42.3857135991655));
#2069=CARTESIAN_POINT('',(-23.3800000000002,-11.9497018887503,42.3857135991655));
#2070=CARTESIAN_POINT('',(-22.5800000000002,-11.9497018887503,42.3857135991655));
#2071=CARTESIAN_POINT('',(-22.5800000000002,-11.9497018887503,42.3857135991655));
#2072=CARTESIAN_POINT('',(-22.5800000000002,-14.5497018887503,42.3857135991655));
#2073=CARTESIAN_POINT('',(-22.5800000000002,-14.5497018887503,42.3857135991655));
#2074=CARTESIAN_POINT('',(-38.1800000000002,-14.5497018887502,42.3857135991655));
#2075=CARTESIAN_POINT('',(-38.1800000000002,-14.5497018887502,42.3857135991655));
#2076=CARTESIAN_POINT('',(-38.1800000000002,-11.9497018887503,42.3857135991655));
#2077=CARTESIAN_POINT('',(-38.1800000000002,-11.9497018887503,42.3857135991655));
#2078=CARTESIAN_POINT('',(-37.3800000000002,-11.9497018887503,42.3857135991655));
#2079=CARTESIAN_POINT('',(0.719999999999791,-12.2497018887503,42.3857135991655));
#2080=CARTESIAN_POINT('',(0.719999999999793,-1.84970188875027,42.3857135991655));
#2081=CARTESIAN_POINT('',(0.719999999999793,-1.84970188875027,42.3857135991655));
#2082=CARTESIAN_POINT('',(-0.0800000000002081,-1.84970188875027,42.3857135991655));
#2083=CARTESIAN_POINT('',(-0.0800000000002081,-1.84970188875027,42.3857135991655));
#2084=CARTESIAN_POINT('',(-0.0800000000002066,0.750298111249728,42.3857135991655));
#2085=CARTESIAN_POINT('',(-0.0800000000002066,0.750298111249727,42.3857135991655));
#2086=CARTESIAN_POINT('',(15.5199999999998,0.750298111249721,42.3857135991655));
#2087=CARTESIAN_POINT('',(15.5199999999998,0.750298111249722,42.3857135991655));
#2088=CARTESIAN_POINT('',(15.5199999999998,-1.84970188875028,42.3857135991655));
#2089=CARTESIAN_POINT('',(15.5199999999998,-1.84970188875028,42.3857135991655));
#2090=CARTESIAN_POINT('',(14.7199999999998,-1.84970188875028,42.3857135991655));
#2091=CARTESIAN_POINT('',(14.7199999999998,-1.84970188875028,42.3857135991655));
#2092=CARTESIAN_POINT('',(14.7199999999998,-12.2497018887503,42.3857135991655));
#2093=CARTESIAN_POINT('',(14.7199999999998,-12.2497018887503,42.3857135991655));
#2094=CARTESIAN_POINT('',(15.5199999999998,-12.2497018887503,42.3857135991655));
#2095=CARTESIAN_POINT('',(15.5199999999998,-12.2497018887503,42.3857135991655));
#2096=CARTESIAN_POINT('',(15.5199999999998,-14.8497018887503,42.3857135991655));
#2097=CARTESIAN_POINT('',(15.5199999999998,-14.8497018887503,42.3857135991655));
#2098=CARTESIAN_POINT('',(-0.0800000000002103,-14.8497018887503,42.3857135991655));
#2099=CARTESIAN_POINT('',(-0.0800000000002103,-14.8497018887503,42.3857135991655));
#2100=CARTESIAN_POINT('',(-0.0800000000002099,-12.2497018887503,42.3857135991655));
#2101=CARTESIAN_POINT('',(-0.0800000000002099,-12.2497018887503,42.3857135991655));
#2102=CARTESIAN_POINT('',(0.719999999999791,-12.2497018887503,42.3857135991655));
#2103=CARTESIAN_POINT('Origin',(18.6199999999998,-12.3497018887503,41.3857135991655));
#2104=CARTESIAN_POINT('',(18.6199999999998,-12.3497018887503,41.3857135991655));
#2105=CARTESIAN_POINT('',(19.4199999999998,-12.3497018887503,41.3857135991655));
#2106=CARTESIAN_POINT('',(19.4199999999998,-12.3497018887503,41.3857135991655));
#2107=CARTESIAN_POINT('',(19.4199999999998,-12.3497018887503,41.3857135991655));
#2108=CARTESIAN_POINT('',(18.6199999999998,-12.3497018887503,41.3857135991655));
#2109=CARTESIAN_POINT('Origin',(18.6199999999998,-14.9497018887503,41.3857135991655));
#2110=CARTESIAN_POINT('',(18.6199999999998,-14.9497018887503,41.3857135991655));
#2111=CARTESIAN_POINT('',(18.6199999999998,-12.3497018887503,41.3857135991655));
#2112=CARTESIAN_POINT('',(18.6199999999998,-14.9497018887503,41.3857135991655));
#2113=CARTESIAN_POINT('Origin',(34.2199999999998,-14.9497018887503,41.3857135991655));
#2114=CARTESIAN_POINT('',(34.2199999999998,-14.9497018887503,41.3857135991655));
#2115=CARTESIAN_POINT('',(18.6199999999998,-14.9497018887503,41.3857135991655));
#2116=CARTESIAN_POINT('',(34.2199999999998,-14.9497018887503,41.3857135991655));
#2117=CARTESIAN_POINT('Origin',(34.2199999999998,-12.3497018887503,41.3857135991655));
#2118=CARTESIAN_POINT('',(34.2199999999998,-12.3497018887503,41.3857135991655));
#2119=CARTESIAN_POINT('',(34.2199999999998,-14.9497018887503,41.3857135991655));
#2120=CARTESIAN_POINT('',(34.2199999999998,-12.3497018887503,41.3857135991655));
#2121=CARTESIAN_POINT('Origin',(33.4199999999998,-12.3497018887503,41.3857135991655));
#2122=CARTESIAN_POINT('',(33.4199999999998,-12.3497018887503,41.3857135991655));
#2123=CARTESIAN_POINT('',(34.2199999999998,-12.3497018887503,41.3857135991655));
#2124=CARTESIAN_POINT('',(33.4199999999998,-12.3497018887503,41.3857135991655));
#2125=CARTESIAN_POINT('Origin',(33.4199999999998,-1.94970188875026,41.3857135991655));
#2126=CARTESIAN_POINT('',(33.4199999999998,-1.94970188875026,41.3857135991655));
#2127=CARTESIAN_POINT('',(33.4199999999998,-12.3497018887503,41.3857135991655));
#2128=CARTESIAN_POINT('',(33.4199999999998,-1.94970188875026,41.3857135991655));
#2129=CARTESIAN_POINT('Origin',(34.2199999999998,-1.94970188875027,41.3857135991655));
#2130=CARTESIAN_POINT('',(34.2199999999998,-1.94970188875027,41.3857135991655));
#2131=CARTESIAN_POINT('',(33.4199999999998,-1.94970188875026,41.3857135991655));
#2132=CARTESIAN_POINT('',(34.2199999999998,-1.94970188875027,41.3857135991655));
#2133=CARTESIAN_POINT('Origin',(34.2199999999998,0.650298111249734,41.3857135991655));
#2134=CARTESIAN_POINT('',(34.2199999999998,0.650298111249734,41.3857135991655));
#2135=CARTESIAN_POINT('',(34.2199999999998,-1.94970188875027,41.3857135991655));
#2136=CARTESIAN_POINT('',(34.2199999999998,0.650298111249734,41.3857135991655));
#2137=CARTESIAN_POINT('Origin',(18.6199999999998,0.650298111249739,41.3857135991655));
#2138=CARTESIAN_POINT('',(18.6199999999998,0.650298111249739,41.3857135991655));
#2139=CARTESIAN_POINT('',(34.2199999999998,0.650298111249734,41.3857135991655));
#2140=CARTESIAN_POINT('',(18.6199999999998,0.650298111249739,41.3857135991655));
#2141=CARTESIAN_POINT('Origin',(18.6199999999998,-1.94970188875026,41.3857135991655));
#2142=CARTESIAN_POINT('',(18.6199999999998,-1.94970188875026,41.3857135991655));
#2143=CARTESIAN_POINT('',(18.6199999999998,0.650298111249739,41.3857135991655));
#2144=CARTESIAN_POINT('',(18.6199999999998,-1.94970188875026,41.3857135991655));
#2145=CARTESIAN_POINT('Origin',(19.4199999999998,-1.94970188875026,41.3857135991655));
#2146=CARTESIAN_POINT('',(19.4199999999998,-1.94970188875026,41.3857135991655));
#2147=CARTESIAN_POINT('',(18.6199999999998,-1.94970188875026,41.3857135991655));
#2148=CARTESIAN_POINT('',(19.4199999999998,-1.94970188875026,41.3857135991655));
#2149=CARTESIAN_POINT('Origin',(19.4199999999998,-12.3497018887503,41.3857135991655));
#2150=CARTESIAN_POINT('',(19.4199999999998,-1.94970188875026,41.3857135991655));
#2151=CARTESIAN_POINT('Origin',(-19.1000000000002,-11.9497018887503,41.3857135991655));
#2152=CARTESIAN_POINT('',(-19.1000000000002,-11.9497018887503,41.3857135991655));
#2153=CARTESIAN_POINT('',(-18.3000000000002,-11.9497018887503,41.3857135991655));
#2154=CARTESIAN_POINT('',(-18.3000000000002,-11.9497018887503,41.3857135991655));
#2155=CARTESIAN_POINT('',(-18.3000000000002,-11.9497018887503,41.3857135991655));
#2156=CARTESIAN_POINT('',(-19.1000000000002,-11.9497018887503,41.3857135991655));
#2157=CARTESIAN_POINT('Origin',(-19.1000000000002,-14.5497018887503,41.3857135991655));
#2158=CARTESIAN_POINT('',(-19.1000000000002,-14.5497018887503,41.3857135991655));
#2159=CARTESIAN_POINT('',(-19.1000000000002,-11.9497018887503,41.3857135991655));
#2160=CARTESIAN_POINT('',(-19.1000000000002,-14.5497018887503,41.3857135991655));
#2161=CARTESIAN_POINT('Origin',(-3.50000000000021,-14.5497018887503,41.3857135991655));
#2162=CARTESIAN_POINT('',(-3.50000000000021,-14.5497018887503,41.3857135991655));
#2163=CARTESIAN_POINT('',(-19.1000000000002,-14.5497018887503,41.3857135991655));
#2164=CARTESIAN_POINT('',(-3.50000000000021,-14.5497018887503,41.3857135991655));
#2165=CARTESIAN_POINT('Origin',(-3.5000000000002,-11.9497018887503,41.3857135991655));
#2166=CARTESIAN_POINT('',(-3.5000000000002,-11.9497018887503,41.3857135991655));
#2167=CARTESIAN_POINT('',(-3.50000000000021,-14.5497018887503,41.3857135991655));
#2168=CARTESIAN_POINT('',(-3.5000000000002,-11.9497018887503,41.3857135991655));
#2169=CARTESIAN_POINT('Origin',(-4.30000000000021,-11.9497018887503,41.3857135991655));
#2170=CARTESIAN_POINT('',(-4.30000000000021,-11.9497018887503,41.3857135991655));
#2171=CARTESIAN_POINT('',(-3.5000000000002,-11.9497018887503,41.3857135991655));
#2172=CARTESIAN_POINT('',(-4.30000000000021,-11.9497018887503,41.3857135991655));
#2173=CARTESIAN_POINT('Origin',(-4.3000000000002,-1.54970188875027,41.3857135991655));
#2174=CARTESIAN_POINT('',(-4.3000000000002,-1.54970188875027,41.3857135991655));
#2175=CARTESIAN_POINT('',(-4.30000000000021,-11.9497018887503,41.3857135991655));
#2176=CARTESIAN_POINT('',(-4.3000000000002,-1.54970188875027,41.3857135991655));
#2177=CARTESIAN_POINT('Origin',(-3.5000000000002,-1.54970188875027,41.3857135991655));
#2178=CARTESIAN_POINT('',(-3.5000000000002,-1.54970188875027,41.3857135991655));
#2179=CARTESIAN_POINT('',(-4.3000000000002,-1.54970188875027,41.3857135991655));
#2180=CARTESIAN_POINT('',(-3.5000000000002,-1.54970188875027,41.3857135991655));
#2181=CARTESIAN_POINT('Origin',(-3.5000000000002,1.05029811124973,41.3857135991655));
#2182=CARTESIAN_POINT('',(-3.5000000000002,1.05029811124973,41.3857135991655));
#2183=CARTESIAN_POINT('',(-3.5000000000002,-1.54970188875027,41.3857135991655));
#2184=CARTESIAN_POINT('',(-3.5000000000002,1.05029811124973,41.3857135991655));
#2185=CARTESIAN_POINT('Origin',(-19.1000000000002,1.05029811124974,41.3857135991655));
#2186=CARTESIAN_POINT('',(-19.1000000000002,1.05029811124974,41.3857135991655));
#2187=CARTESIAN_POINT('',(-3.5000000000002,1.05029811124973,41.3857135991655));
#2188=CARTESIAN_POINT('',(-19.1000000000002,1.05029811124974,41.3857135991655));
#2189=CARTESIAN_POINT('Origin',(-19.1000000000002,-1.54970188875026,41.3857135991655));
#2190=CARTESIAN_POINT('',(-19.1000000000002,-1.54970188875026,41.3857135991655));
#2191=CARTESIAN_POINT('',(-19.1000000000002,1.05029811124974,41.3857135991655));
#2192=CARTESIAN_POINT('',(-19.1000000000002,-1.54970188875026,41.3857135991655));
#2193=CARTESIAN_POINT('Origin',(-18.3000000000002,-1.54970188875026,41.3857135991655));
#2194=CARTESIAN_POINT('',(-18.3000000000002,-1.54970188875026,41.3857135991655));
#2195=CARTESIAN_POINT('',(-19.1000000000002,-1.54970188875026,41.3857135991655));
#2196=CARTESIAN_POINT('',(-18.3000000000002,-1.54970188875026,41.3857135991655));
#2197=CARTESIAN_POINT('Origin',(-18.3000000000002,-11.9497018887503,41.3857135991655));
#2198=CARTESIAN_POINT('',(-18.3000000000002,-1.54970188875026,41.3857135991655));
#2199=CARTESIAN_POINT('Origin',(-38.1800000000002,-11.9497018887503,41.3857135991655));
#2200=CARTESIAN_POINT('',(-38.1800000000002,-11.9497018887503,41.3857135991655));
#2201=CARTESIAN_POINT('',(-37.3800000000002,-11.9497018887503,41.3857135991655));
#2202=CARTESIAN_POINT('',(-37.3800000000002,-11.9497018887503,41.3857135991655));
#2203=CARTESIAN_POINT('',(-37.3800000000002,-11.9497018887503,41.3857135991655));
#2204=CARTESIAN_POINT('',(-38.1800000000002,-11.9497018887503,41.3857135991655));
#2205=CARTESIAN_POINT('Origin',(-38.1800000000002,-14.5497018887502,41.3857135991655));
#2206=CARTESIAN_POINT('',(-38.1800000000002,-14.5497018887502,41.3857135991655));
#2207=CARTESIAN_POINT('',(-38.1800000000002,-11.9497018887503,41.3857135991655));
#2208=CARTESIAN_POINT('',(-38.1800000000002,-14.5497018887502,41.3857135991655));
#2209=CARTESIAN_POINT('Origin',(-22.5800000000002,-14.5497018887503,41.3857135991655));
#2210=CARTESIAN_POINT('',(-22.5800000000002,-14.5497018887503,41.3857135991655));
#2211=CARTESIAN_POINT('',(-38.1800000000002,-14.5497018887502,41.3857135991655));
#2212=CARTESIAN_POINT('',(-22.5800000000002,-14.5497018887503,41.3857135991655));
#2213=CARTESIAN_POINT('Origin',(-22.5800000000002,-11.9497018887503,41.3857135991655));
#2214=CARTESIAN_POINT('',(-22.5800000000002,-11.9497018887503,41.3857135991655));
#2215=CARTESIAN_POINT('',(-22.5800000000002,-14.5497018887503,41.3857135991655));
#2216=CARTESIAN_POINT('',(-22.5800000000002,-11.9497018887503,41.3857135991655));
#2217=CARTESIAN_POINT('Origin',(-23.3800000000002,-11.9497018887503,41.3857135991655));
#2218=CARTESIAN_POINT('',(-23.3800000000002,-11.9497018887503,41.3857135991655));
#2219=CARTESIAN_POINT('',(-22.5800000000002,-11.9497018887503,41.3857135991655));
#2220=CARTESIAN_POINT('',(-23.3800000000002,-11.9497018887503,41.3857135991655));
#2221=CARTESIAN_POINT('Origin',(-23.3800000000002,-1.54970188875026,41.3857135991655));
#2222=CARTESIAN_POINT('',(-23.3800000000002,-1.54970188875026,41.3857135991655));
#2223=CARTESIAN_POINT('',(-23.3800000000002,-11.9497018887503,41.3857135991655));
#2224=CARTESIAN_POINT('',(-23.3800000000002,-1.54970188875026,41.3857135991655));
#2225=CARTESIAN_POINT('Origin',(-22.5800000000002,-1.54970188875026,41.3857135991655));
#2226=CARTESIAN_POINT('',(-22.5800000000002,-1.54970188875026,41.3857135991655));
#2227=CARTESIAN_POINT('',(-23.3800000000002,-1.54970188875026,41.3857135991655));
#2228=CARTESIAN_POINT('',(-22.5800000000002,-1.54970188875026,41.3857135991655));
#2229=CARTESIAN_POINT('Origin',(-22.5800000000002,1.05029811124974,41.3857135991655));
#2230=CARTESIAN_POINT('',(-22.5800000000002,1.05029811124974,41.3857135991655));
#2231=CARTESIAN_POINT('',(-22.5800000000002,-1.54970188875026,41.3857135991655));
#2232=CARTESIAN_POINT('',(-22.5800000000002,1.05029811124974,41.3857135991655));
#2233=CARTESIAN_POINT('Origin',(-38.1800000000002,1.05029811124975,41.3857135991655));
#2234=CARTESIAN_POINT('',(-38.1800000000002,1.05029811124975,41.3857135991655));
#2235=CARTESIAN_POINT('',(-22.5800000000002,1.05029811124974,41.3857135991655));
#2236=CARTESIAN_POINT('',(-38.1800000000002,1.05029811124975,41.3857135991655));
#2237=CARTESIAN_POINT('Origin',(-38.1800000000002,-1.54970188875025,41.3857135991655));
#2238=CARTESIAN_POINT('',(-38.1800000000002,-1.54970188875025,41.3857135991655));
#2239=CARTESIAN_POINT('',(-38.1800000000002,1.05029811124975,41.3857135991655));
#2240=CARTESIAN_POINT('',(-38.1800000000002,-1.54970188875025,41.3857135991655));
#2241=CARTESIAN_POINT('Origin',(-37.3800000000002,-1.54970188875025,41.3857135991655));
#2242=CARTESIAN_POINT('',(-37.3800000000002,-1.54970188875025,41.3857135991655));
#2243=CARTESIAN_POINT('',(-38.1800000000002,-1.54970188875025,41.3857135991655));
#2244=CARTESIAN_POINT('',(-37.3800000000002,-1.54970188875025,41.3857135991655));
#2245=CARTESIAN_POINT('Origin',(-37.3800000000002,-11.9497018887503,41.3857135991655));
#2246=CARTESIAN_POINT('',(-37.3800000000002,-1.54970188875025,41.3857135991655));
#2247=CARTESIAN_POINT('Origin',(-0.0800000000002099,-12.2497018887503,41.3857135991655));
#2248=CARTESIAN_POINT('',(-0.0800000000002099,-12.2497018887503,41.3857135991655));
#2249=CARTESIAN_POINT('',(0.719999999999791,-12.2497018887503,41.3857135991655));
#2250=CARTESIAN_POINT('',(0.719999999999791,-12.2497018887503,41.3857135991655));
#2251=CARTESIAN_POINT('',(0.719999999999791,-12.2497018887503,41.3857135991655));
#2252=CARTESIAN_POINT('',(-0.0800000000002099,-12.2497018887503,41.3857135991655));
#2253=CARTESIAN_POINT('Origin',(-0.0800000000002103,-14.8497018887503,41.3857135991655));
#2254=CARTESIAN_POINT('',(-0.0800000000002103,-14.8497018887503,41.3857135991655));
#2255=CARTESIAN_POINT('',(-0.0800000000002099,-12.2497018887503,41.3857135991655));
#2256=CARTESIAN_POINT('',(-0.0800000000002103,-14.8497018887503,41.3857135991655));
#2257=CARTESIAN_POINT('Origin',(15.5199999999998,-14.8497018887503,41.3857135991655));
#2258=CARTESIAN_POINT('',(15.5199999999998,-14.8497018887503,41.3857135991655));
#2259=CARTESIAN_POINT('',(-0.0800000000002103,-14.8497018887503,41.3857135991655));
#2260=CARTESIAN_POINT('',(15.5199999999998,-14.8497018887503,41.3857135991655));
#2261=CARTESIAN_POINT('Origin',(15.5199999999998,-12.2497018887503,41.3857135991655));
#2262=CARTESIAN_POINT('',(15.5199999999998,-12.2497018887503,41.3857135991655));
#2263=CARTESIAN_POINT('',(15.5199999999998,-14.8497018887503,41.3857135991655));
#2264=CARTESIAN_POINT('',(15.5199999999998,-12.2497018887503,41.3857135991655));
#2265=CARTESIAN_POINT('Origin',(14.7199999999998,-12.2497018887503,41.3857135991655));
#2266=CARTESIAN_POINT('',(14.7199999999998,-12.2497018887503,41.3857135991655));
#2267=CARTESIAN_POINT('',(15.5199999999998,-12.2497018887503,41.3857135991655));
#2268=CARTESIAN_POINT('',(14.7199999999998,-12.2497018887503,41.3857135991655));
#2269=CARTESIAN_POINT('Origin',(14.7199999999998,-1.84970188875028,41.3857135991655));
#2270=CARTESIAN_POINT('',(14.7199999999998,-1.84970188875028,41.3857135991655));
#2271=CARTESIAN_POINT('',(14.7199999999998,-12.2497018887503,41.3857135991655));
#2272=CARTESIAN_POINT('',(14.7199999999998,-1.84970188875028,41.3857135991655));
#2273=CARTESIAN_POINT('Origin',(15.5199999999998,-1.84970188875028,41.3857135991655));
#2274=CARTESIAN_POINT('',(15.5199999999998,-1.84970188875028,41.3857135991655));
#2275=CARTESIAN_POINT('',(14.7199999999998,-1.84970188875028,41.3857135991655));
#2276=CARTESIAN_POINT('',(15.5199999999998,-1.84970188875028,41.3857135991655));
#2277=CARTESIAN_POINT('Origin',(15.5199999999998,0.750298111249722,41.3857135991655));
#2278=CARTESIAN_POINT('',(15.5199999999998,0.750298111249722,41.3857135991655));
#2279=CARTESIAN_POINT('',(15.5199999999998,-1.84970188875028,41.3857135991655));
#2280=CARTESIAN_POINT('',(15.5199999999998,0.750298111249722,41.3857135991655));
#2281=CARTESIAN_POINT('Origin',(-0.0800000000002066,0.750298111249727,41.3857135991655));
#2282=CARTESIAN_POINT('',(-0.0800000000002066,0.750298111249727,41.3857135991655));
#2283=CARTESIAN_POINT('',(15.5199999999998,0.750298111249722,41.3857135991655));
#2284=CARTESIAN_POINT('',(-0.0800000000002066,0.750298111249727,41.3857135991655));
#2285=CARTESIAN_POINT('Origin',(-0.0800000000002081,-1.84970188875027,41.3857135991655));
#2286=CARTESIAN_POINT('',(-0.0800000000002081,-1.84970188875027,41.3857135991655));
#2287=CARTESIAN_POINT('',(-0.0800000000002066,0.750298111249727,41.3857135991655));
#2288=CARTESIAN_POINT('',(-0.0800000000002081,-1.84970188875027,41.3857135991655));
#2289=CARTESIAN_POINT('Origin',(0.719999999999793,-1.84970188875027,41.3857135991655));
#2290=CARTESIAN_POINT('',(0.719999999999793,-1.84970188875027,41.3857135991655));
#2291=CARTESIAN_POINT('',(-0.0800000000002081,-1.84970188875027,41.3857135991655));
#2292=CARTESIAN_POINT('',(0.719999999999793,-1.84970188875027,41.3857135991655));
#2293=CARTESIAN_POINT('Origin',(0.719999999999791,-12.2497018887503,41.3857135991655));
#2294=CARTESIAN_POINT('',(0.719999999999793,-1.84970188875027,41.3857135991655));
#2295=CARTESIAN_POINT('Origin',(-2.00000000000467,-1.14820188875033,41.3857135991655));
#2296=UNCERTAINTY_MEASURE_WITH_UNIT(LENGTH_MEASURE(0.01),#2300,
'DISTANCE_ACCURACY_VALUE',
'Maximum model space distance between geometric entities at asserted c
onnectivities');
#2297=UNCERTAINTY_MEASURE_WITH_UNIT(LENGTH_MEASURE(0.01),#2300,
'DISTANCE_ACCURACY_VALUE',
'Maximum model space distance between geometric entities at asserted c
onnectivities');
#2298=(
GEOMETRIC_REPRESENTATION_CONTEXT(3)
GLOBAL_UNCERTAINTY_ASSIGNED_CONTEXT((#2296))
GLOBAL_UNIT_ASSIGNED_CONTEXT((#2300,#2302,#2303))
REPRESENTATION_CONTEXT('','3D')
);
#2299=(
GEOMETRIC_REPRESENTATION_CONTEXT(3)
GLOBAL_UNCERTAINTY_ASSIGNED_CONTEXT((#2297))
GLOBAL_UNIT_ASSIGNED_CONTEXT((#2300,#2302,#2303))
REPRESENTATION_CONTEXT('','3D')
);
#2300=(
LENGTH_UNIT()
NAMED_UNIT(*)
SI_UNIT(.MILLI.,.METRE.)
);
#2301=(
LENGTH_UNIT()
NAMED_UNIT(*)
SI_UNIT($,.METRE.)
);
#2302=(
NAMED_UNIT(*)
PLANE_ANGLE_UNIT()
SI_UNIT($,.RADIAN.)
);
#2303=(
NAMED_UNIT(*)
SI_UNIT($,.STERADIAN.)
SOLID_ANGLE_UNIT()
);
#2304=SHAPE_DEFINITION_REPRESENTATION(#2305,#2306);
#2305=PRODUCT_DEFINITION_SHAPE('',$,#2308);
#2306=SHAPE_REPRESENTATION('',(#1436),#2298);
#2307=PRODUCT_DEFINITION_CONTEXT('part definition',#2312,'design');
#2308=PRODUCT_DEFINITION('Top','Top',#2309,#2307);
#2309=PRODUCT_DEFINITION_FORMATION('',$,#2314);
#2310=PRODUCT_RELATED_PRODUCT_CATEGORY('Top','Top',(#2314));
#2311=APPLICATION_PROTOCOL_DEFINITION('international standard',
'automotive_design',2009,#2312);
#2312=APPLICATION_CONTEXT(
'Core Data for Automotive Mechanical Design Process');
#2313=PRODUCT_CONTEXT('part definition',#2312,'mechanical');
#2314=PRODUCT('Top','Top',$,(#2313));
#2315=PRESENTATION_STYLE_ASSIGNMENT((#2316));
#2316=SURFACE_STYLE_USAGE(.BOTH.,#2317);
#2317=SURFACE_SIDE_STYLE('',(#2318));
#2318=SURFACE_STYLE_FILL_AREA(#2319);
#2319=FILL_AREA_STYLE('Steel - Satin',(#2320));
#2320=FILL_AREA_STYLE_COLOUR('Steel - Satin',#2321);
#2321=COLOUR_RGB('Steel - Satin',0.627450980392157,0.627450980392157,0.627450980392157);
ENDSEC;
END-ISO-10303-21;
